ISO-10303-21;
HEADER;
FILE_DESCRIPTION (( 'STEP AP214' ),
    '1' );
FILE_NAME ('Part1.STEP',
    '2024-11-10T18:50:51',
    ( '' ),
    ( '' ),
    'SwSTEP 2.0',
    'SolidWorks 2021',
    '' );
FILE_SCHEMA (( 'AUTOMOTIVE_DESIGN' ));
ENDSEC;

DATA;
#1 = VECTOR ( 'NONE', #952, 1000.000000000000000 ) ;
#2 = DIRECTION ( 'NONE',  ( 1.000000000000000000, 0.000000000000000000, 0.000000000000000000 ) ) ;
#3 = SURFACE_SIDE_STYLE ('',( #2088 ) ) ;
#4 = CARTESIAN_POINT ( 'NONE',  ( 13.05365857164418664, 0.000000000000000000, 0.000000000000000000 ) ) ;
#5 = VERTEX_POINT ( 'NONE', #1693 ) ;
#6 = MECHANICAL_DESIGN_GEOMETRIC_PRESENTATION_REPRESENTATION (  '', ( #408 ), #735 ) ;
#7 =( NAMED_UNIT ( * ) SI_UNIT ( $, .STERADIAN. ) SOLID_ANGLE_UNIT ( ) );
#8 = PRESENTATION_LAYER_ASSIGNMENT (  '', '', ( #2192 ) ) ;
#9 =( NAMED_UNIT ( * ) SI_UNIT ( $, .STERADIAN. ) SOLID_ANGLE_UNIT ( ) );
#10 = EDGE_CURVE ( 'NONE', #2282, #1547, #1669, .T. ) ;
#11 = AXIS2_PLACEMENT_3D ( 'NONE', #1371, #457, #2123 ) ;
#12 = VERTEX_POINT ( 'NONE', #2229 ) ;
#13 = LINE ( 'NONE', #1951, #2161 ) ;
#14 = COLOUR_RGB ( '',0.2509803921568627416, 0.2509803921568627416, 0.2509803921568627416 ) ;
#15 = PRESENTATION_STYLE_ASSIGNMENT (( #1011 ) ) ;
#16 = PLANE ( 'NONE',  #1723 ) ;
#17 = FILL_AREA_STYLE ('',( #838 ) ) ;
#18 = EDGE_LOOP ( 'NONE', ( #1059, #884, #955, #820 ) ) ;
#19 = UNCERTAINTY_MEASURE_WITH_UNIT (LENGTH_MEASURE( 1.000000000000000082E-05 ), #1146, 'distance_accuracy_value', 'NONE');
#20 = VECTOR ( 'NONE', #1382, 1000.000000000000000 ) ;
#21 = CARTESIAN_POINT ( 'NONE',  ( -3.040000000000000036, 9.415236256020255823, 32.10000000000000142 ) ) ;
#22 = DIRECTION ( 'NONE',  ( -1.000000000000000000, -2.312964634635742957E-16, -0.000000000000000000 ) ) ;
#23 = DIRECTION ( 'NONE',  ( -0.000000000000000000, -0.000000000000000000, 1.000000000000000000 ) ) ;
#24 = ORIENTED_EDGE ( 'NONE', *, *, #801, .T. ) ;
#25 = CARTESIAN_POINT ( 'NONE',  ( -15.00000000000000000, 23.99999999999999289, 0.000000000000000000 ) ) ;
#26 = CARTESIAN_POINT ( 'NONE',  ( 3.164605178993667778, 23.99999999999999645, 0.000000000000000000 ) ) ;
#27 = CARTESIAN_POINT ( 'NONE',  ( -13.94634142835581336, 23.99999999999999289, 0.000000000000000000 ) ) ;
#28 = SURFACE_STYLE_USAGE ( .BOTH. , #1220 ) ;
#29 = SURFACE_SIDE_STYLE ('',( #75 ) ) ;
#30 = SURFACE_SIDE_STYLE ('',( #1796 ) ) ;
#31 = ORIENTED_EDGE ( 'NONE', *, *, #1024, .F. ) ;
#32 = DIRECTION ( 'NONE',  ( -8.081871625622360701E-18, 1.000000000000000000, -0.000000000000000000 ) ) ;
#33 = EDGE_CURVE ( 'NONE', #764, #161, #1087, .T. ) ;
#34 = AXIS2_PLACEMENT_3D ( 'NONE', #1962, #1088, #1857 ) ;
#35 = CARTESIAN_POINT ( 'NONE',  ( -9.641006475538844711, 23.99999999999999289, 30.00000000000000000 ) ) ;
#36 = VECTOR ( 'NONE', #996, 1000.000000000000000 ) ;
#37 = ORIENTED_EDGE ( 'NONE', *, *, #855, .F. ) ;
#38 =( GEOMETRIC_REPRESENTATION_CONTEXT ( 3 ) GLOBAL_UNCERTAINTY_ASSIGNED_CONTEXT ( ( #1594 ) ) GLOBAL_UNIT_ASSIGNED_CONTEXT ( ( #1265, #1603, #81 ) ) REPRESENTATION_CONTEXT ( 'NONE', 'WORKASPACE' ) );
#39 = EDGE_LOOP ( 'NONE', ( #2157, #695, #2276, #524 ) ) ;
#40 = CARTESIAN_POINT ( 'NONE',  ( -4.461725325034680445, 8.500000000000000000, 31.50000000000000000 ) ) ;
#41 = DIRECTION ( 'NONE',  ( 0.000000000000000000, -0.000000000000000000, -1.000000000000000000 ) ) ;
#42 = ORIENTED_EDGE ( 'NONE', *, *, #232, .T. ) ;
#43 = LINE ( 'NONE', #828, #546 ) ;
#44 = VECTOR ( 'NONE', #2160, 1000.000000000000000 ) ;
#45 = CARTESIAN_POINT ( 'NONE',  ( -4.461725325034680445, 8.500000000000000000, 31.50000000000000000 ) ) ;
#46 = VECTOR ( 'NONE', #2201, 1000.000000000000000 ) ;
#47 = EDGE_CURVE ( 'NONE', #686, #414, #1714, .T. ) ;
#48 = CARTESIAN_POINT ( 'NONE',  ( 9.125838190586391008, 13.32471844702070918, 0.000000000000000000 ) ) ;
#49 = VECTOR ( 'NONE', #2401, 1000.000000000000000 ) ;
#50 = EDGE_CURVE ( 'NONE', #2255, #2014, #2050, .T. ) ;
#51 = DIRECTION ( 'NONE',  ( -6.465497300497888561E-17, 1.000000000000000000, -0.000000000000000000 ) ) ;
#52 = ORIENTED_EDGE ( 'NONE', *, *, #257, .T. ) ;
#53 = PRESENTATION_STYLE_ASSIGNMENT (( #2319 ) ) ;
#54 = ORIENTED_EDGE ( 'NONE', *, *, #748, .T. ) ;
#55 = EDGE_CURVE ( 'NONE', #856, #1614, #941, .T. ) ;
#56 = DIRECTION ( 'NONE',  ( 0.000000000000000000, -0.000000000000000000, 1.000000000000000000 ) ) ;
#57 = FACE_OUTER_BOUND ( 'NONE', #1842, .T. ) ;
#58 = FACE_OUTER_BOUND ( 'NONE', #1734, .T. ) ;
#59 = SURFACE_STYLE_USAGE ( .BOTH. , #1551 ) ;
#60 = DIRECTION ( 'NONE',  ( 9.637352644315592778E-17, -0.000000000000000000, -1.000000000000000000 ) ) ;
#61 = EDGE_CURVE ( 'NONE', #1980, #1272, #1855, .T. ) ;
#62 = UNCERTAINTY_MEASURE_WITH_UNIT (LENGTH_MEASURE( 1.000000000000000082E-05 ), #266, 'distance_accuracy_value', 'NONE');
#63 =( NAMED_UNIT ( * ) SI_UNIT ( $, .STERADIAN. ) SOLID_ANGLE_UNIT ( ) );
#64 = ADVANCED_FACE ( 'NONE', ( #1468 ), #535, .F. ) ;
#65 = EDGE_CURVE ( 'NONE', #2255, #1118, #134, .T. ) ;
#66 = EDGE_LOOP ( 'NONE', ( #224, #1904, #1710, #1260 ) ) ;
#67 = CARTESIAN_POINT ( 'NONE',  ( -9.641006475538844711, 13.32471844702070918, 0.000000000000000000 ) ) ;
#68 = ORIENTED_EDGE ( 'NONE', *, *, #2410, .F. ) ;
#69 = CARTESIAN_POINT ( 'NONE',  ( -15.00000000000000000, 23.99999999999999289, 0.000000000000000000 ) ) ;
#70 = LINE ( 'NONE', #1655, #256 ) ;
#71 = DIRECTION ( 'NONE',  ( -0.000000000000000000, 0.000000000000000000, 1.000000000000000000 ) ) ;
#72 = VERTEX_POINT ( 'NONE', #724 ) ;
#73 = ORIENTED_EDGE ( 'NONE', *, *, #1673, .T. ) ;
#74 = VECTOR ( 'NONE', #1493, 1000.000000000000000 ) ;
#75 = SURFACE_STYLE_FILL_AREA ( #1208 ) ;
#76 = ADVANCED_FACE ( 'NONE', ( #1865 ), #1682, .F. ) ;
#77 = VECTOR ( 'NONE', #2240, 1000.000000000000000 ) ;
#78 = STYLED_ITEM ( 'NONE', ( #205 ), #301 ) ;
#79 = VERTEX_POINT ( 'NONE', #440 ) ;
#80 = EDGE_CURVE ( 'NONE', #1934, #581, #2287, .T. ) ;
#81 =( NAMED_UNIT ( * ) SI_UNIT ( $, .STERADIAN. ) SOLID_ANGLE_UNIT ( ) );
#82 = CARTESIAN_POINT ( 'NONE',  ( -0.4999999999999993339, 9.415236256020255823, 32.10000000000000142 ) ) ;
#83 = MECHANICAL_DESIGN_GEOMETRIC_PRESENTATION_REPRESENTATION (  '', ( #1123 ), #1688 ) ;
#84 = LINE ( 'NONE', #1085, #1718 ) ;
#85 = VECTOR ( 'NONE', #894, 1000.000000000000000 ) ;
#86 =( NAMED_UNIT ( * ) PLANE_ANGLE_UNIT ( ) SI_UNIT ( $, .RADIAN. ) );
#87 = VECTOR ( 'NONE', #1367, 1000.000000000000000 ) ;
#88 = ORIENTED_EDGE ( 'NONE', *, *, #1219, .T. ) ;
#89 = EDGE_CURVE ( 'NONE', #1242, #1764, #602, .T. ) ;
#90 = ORIENTED_EDGE ( 'NONE', *, *, #2316, .T. ) ;
#91 = SURFACE_SIDE_STYLE ('',( #1813 ) ) ;
#92 = LINE ( 'NONE', #255, #1665 ) ;
#93 = SURFACE_SIDE_STYLE ('',( #280 ) ) ;
#94 = LINE ( 'NONE', #2202, #683 ) ;
#95 = ORIENTED_EDGE ( 'NONE', *, *, #1743, .T. ) ;
#96 = CARTESIAN_POINT ( 'NONE',  ( 0.5000000000000005551, 9.415236256020255823, 32.10000000000000142 ) ) ;
#97 = PRESENTATION_STYLE_ASSIGNMENT (( #1073 ) ) ;
#98 = DIRECTION ( 'NONE',  ( 1.000000000000000000, 0.000000000000000000, -0.000000000000000000 ) ) ;
#99 = ORIENTED_EDGE ( 'NONE', *, *, #1385, .T. ) ;
#100 = CARTESIAN_POINT ( 'NONE',  ( 13.05365857164418664, 24.00000000000000000, 30.00000000000000000 ) ) ;
#101 = DIRECTION ( 'NONE',  ( 1.000000000000000000, 0.000000000000000000, 0.000000000000000000 ) ) ;
#102 = CARTESIAN_POINT ( 'NONE',  ( -4.461725325034680445, 10.00000000000000000, 15.50000000000000000 ) ) ;
#103 = ADVANCED_FACE ( 'NONE', ( #1191 ), #16, .T. ) ;
#104 = DIRECTION ( 'NONE',  ( 0.000000000000000000, -1.000000000000000000, 0.000000000000000000 ) ) ;
#105 = ORIENTED_EDGE ( 'NONE', *, *, #183, .T. ) ;
#106 = SURFACE_STYLE_FILL_AREA ( #1243 ) ;
#107 = EDGE_CURVE ( 'NONE', #2378, #1997, #635, .T. ) ;
#108 = CIRCLE ( 'NONE', #1715, 1.500000000000001332 ) ;
#109 = STYLED_ITEM ( 'NONE', ( #97 ), #1664 ) ;
#110 = ORIENTED_EDGE ( 'NONE', *, *, #1939, .F. ) ;
#111 = DIRECTION ( 'NONE',  ( 1.000000000000000000, 0.000000000000000000, 0.000000000000000000 ) ) ;
#112 = MECHANICAL_DESIGN_GEOMETRIC_PRESENTATION_REPRESENTATION (  '', ( #526 ), #2370 ) ;
#113 = MECHANICAL_DESIGN_GEOMETRIC_PRESENTATION_REPRESENTATION (  '', ( #1601 ), #38 ) ;
#114 = ORIENTED_EDGE ( 'NONE', *, *, #981, .F. ) ;
#115 = SURFACE_STYLE_FILL_AREA ( #1262 ) ;
#116 = VECTOR ( 'NONE', #320, 1000.000000000000000 ) ;
#117 = CARTESIAN_POINT ( 'NONE',  ( 9.125838190586391008, 13.32471844702070918, 0.000000000000000000 ) ) ;
#118 = PRESENTATION_STYLE_ASSIGNMENT (( #410 ) ) ;
#119 = DIRECTION ( 'NONE',  ( -9.637352644315594010E-17, -0.000000000000000000, 1.000000000000000000 ) ) ;
#120 = SURFACE_STYLE_USAGE ( .BOTH. , #1841 ) ;
#121 = EDGE_CURVE ( 'NONE', #2398, #1004, #1383, .T. ) ;
#122 = DIRECTION ( 'NONE',  ( 1.000000000000000000, 0.000000000000000000, 0.000000000000000000 ) ) ;
#123 = MECHANICAL_DESIGN_GEOMETRIC_PRESENTATION_REPRESENTATION (  '', ( #1653 ), #1249 ) ;
#124 = ORIENTED_EDGE ( 'NONE', *, *, #1373, .F. ) ;
#125 = LINE ( 'NONE', #767, #1079 ) ;
#126 = VECTOR ( 'NONE', #1911, 1000.000000000000000 ) ;
#127 = ORIENTED_EDGE ( 'NONE', *, *, #65, .F. ) ;
#128 = CARTESIAN_POINT ( 'NONE',  ( -2.040000000000000036, 9.415236256020255823, 32.10000000000000142 ) ) ;
#129 = FACE_OUTER_BOUND ( 'NONE', #529, .T. ) ;
#130 = EDGE_CURVE ( 'NONE', #1272, #1871, #1344, .T. ) ;
#131 = CARTESIAN_POINT ( 'NONE',  ( 4.461725325034676892, 8.500000000000000000, 31.50000000000000000 ) ) ;
#132 = CARTESIAN_POINT ( 'NONE',  ( 0.000000000000000000, 10.00000000000000000, 0.000000000000000000 ) ) ;
#133 = ORIENTED_EDGE ( 'NONE', *, *, #2307, .T. ) ;
#134 = LINE ( 'NONE', #1094, #354 ) ;
#135 =( NAMED_UNIT ( * ) PLANE_ANGLE_UNIT ( ) SI_UNIT ( $, .RADIAN. ) );
#136 = DIRECTION ( 'NONE',  ( -6.465497300497888561E-17, 1.000000000000000000, -0.000000000000000000 ) ) ;
#137 = ORIENTED_EDGE ( 'NONE', *, *, #2038, .T. ) ;
#138 = DIRECTION ( 'NONE',  ( 0.000000000000000000, -0.000000000000000000, 1.000000000000000000 ) ) ;
#139 = VERTEX_POINT ( 'NONE', #791 ) ;
#140 = EDGE_CURVE ( 'NONE', #911, #974, #1166, .T. ) ;
#141 = DIRECTION ( 'NONE',  ( 1.000000000000000000, 0.000000000000000000, 0.000000000000000000 ) ) ;
#142 =( LENGTH_UNIT ( ) NAMED_UNIT ( * ) SI_UNIT ( .MILLI., .METRE. ) );
#143 = EDGE_CURVE ( 'NONE', #12, #243, #1930, .T. ) ;
#144 = VERTEX_POINT ( 'NONE', #1742 ) ;
#145 = FACE_OUTER_BOUND ( 'NONE', #687, .T. ) ;
#146 = CARTESIAN_POINT ( 'NONE',  ( 0.000000000000000000, 13.43511165093909376, 18.50000000000000000 ) ) ;
#147 = ORIENTED_EDGE ( 'NONE', *, *, #689, .T. ) ;
#148 = ADVANCED_FACE ( 'NONE', ( #1550 ), #2298, .T. ) ;
#149 = PRESENTATION_STYLE_ASSIGNMENT (( #2430 ) ) ;
#150 = COLOUR_RGB ( '',0.2509803921568627416, 0.2509803921568627416, 0.2509803921568627416 ) ;
#151 = ORIENTED_EDGE ( 'NONE', *, *, #377, .F. ) ;
#152 = CARTESIAN_POINT ( 'NONE',  ( -15.00000000000000000, 23.99999999999999289, 30.00000000000000000 ) ) ;
#153 = CARTESIAN_POINT ( 'NONE',  ( -15.00000000000000000, 23.99999999999999289, 0.000000000000000000 ) ) ;
#154 = MECHANICAL_DESIGN_GEOMETRIC_PRESENTATION_REPRESENTATION (  '', ( #197 ), #2225 ) ;
#155 = ORIENTED_EDGE ( 'NONE', *, *, #2080, .T. ) ;
#156 = CARTESIAN_POINT ( 'NONE',  ( -3.040000000000000036, -4.000000000000000000, 32.10000000000000142 ) ) ;
#157 = SURFACE_STYLE_FILL_AREA ( #737 ) ;
#158 = PRESENTATION_STYLE_ASSIGNMENT (( #1881 ) ) ;
#159 = DIRECTION ( 'NONE',  ( -1.000000000000000000, -0.000000000000000000, -0.000000000000000000 ) ) ;
#160 = DIRECTION ( 'NONE',  ( 1.000000000000000000, 2.312964634635742957E-16, 0.000000000000000000 ) ) ;
#161 = VERTEX_POINT ( 'NONE', #35 ) ;
#162 = UNCERTAINTY_MEASURE_WITH_UNIT (LENGTH_MEASURE( 1.000000000000000082E-05 ), #1508, 'distance_accuracy_value', 'NONE');
#163 = CARTESIAN_POINT ( 'NONE',  ( -15.00000000000000000, 23.99999999999999289, 30.00000000000000000 ) ) ;
#164 = VECTOR ( 'NONE', #1770, 1000.000000000000000 ) ;
#165 = ORIENTED_EDGE ( 'NONE', *, *, #2139, .F. ) ;
#166 =( NAMED_UNIT ( * ) SI_UNIT ( $, .STERADIAN. ) SOLID_ANGLE_UNIT ( ) );
#167 = DIRECTION ( 'NONE',  ( 1.000000000000000000, 0.000000000000000000, 0.000000000000000000 ) ) ;
#168 = FILL_AREA_STYLE ('',( #1889 ) ) ;
#169 = ORIENTED_EDGE ( 'NONE', *, *, #1861, .F. ) ;
#170 = CARTESIAN_POINT ( 'NONE',  ( -14.99999999999999822, 0.000000000000000000, 30.00000000000000000 ) ) ;
#171 =( LENGTH_UNIT ( ) NAMED_UNIT ( * ) SI_UNIT ( .MILLI., .METRE. ) );
#172 = DIRECTION ( 'NONE',  ( -0.000000000000000000, -0.000000000000000000, 1.000000000000000000 ) ) ;
#173 = SURFACE_SIDE_STYLE ('',( #1318 ) ) ;
#174 = LINE ( 'NONE', #362, #74 ) ;
#175 = ORIENTED_EDGE ( 'NONE', *, *, #1597, .F. ) ;
#176 = FILL_AREA_STYLE_COLOUR ( '', #1039 ) ;
#177 = VECTOR ( 'NONE', #1523, 1000.000000000000000 ) ;
#178 = ORIENTED_EDGE ( 'NONE', *, *, #1776, .T. ) ;
#179 = CARTESIAN_POINT ( 'NONE',  ( -8.537074436355009510, 23.99999999999999289, 0.000000000000000000 ) ) ;
#180 = CARTESIAN_POINT ( 'NONE',  ( -13.94634142835581336, 13.32471844702070918, 0.000000000000000000 ) ) ;
#181 =( NAMED_UNIT ( * ) SI_UNIT ( $, .STERADIAN. ) SOLID_ANGLE_UNIT ( ) );
#182 = VERTEX_POINT ( 'NONE', #1953 ) ;
#183 = EDGE_CURVE ( 'NONE', #514, #1380, #1370, .T. ) ;
#184 = CARTESIAN_POINT ( 'NONE',  ( 0.5000000000000005551, 9.415236256020255823, 31.50000000000000000 ) ) ;
#185 = ADVANCED_FACE ( 'NONE', ( #418 ), #2312, .F. ) ;
#186 = ORIENTED_EDGE ( 'NONE', *, *, #1442, .F. ) ;
#187 = LINE ( 'NONE', #2274, #540 ) ;
#188 = PLANE ( 'NONE',  #351 ) ;
#189 = ORIENTED_EDGE ( 'NONE', *, *, #1549, .F. ) ;
#190 = UNCERTAINTY_MEASURE_WITH_UNIT (LENGTH_MEASURE( 1.000000000000000082E-05 ), #267, 'distance_accuracy_value', 'NONE');
#191 = EDGE_CURVE ( 'NONE', #2151, #265, #1389, .T. ) ;
#192 = SURFACE_SIDE_STYLE ('',( #2117 ) ) ;
#193 =( GEOMETRIC_REPRESENTATION_CONTEXT ( 3 ) GLOBAL_UNCERTAINTY_ASSIGNED_CONTEXT ( ( #62 ) ) GLOBAL_UNIT_ASSIGNED_CONTEXT ( ( #266, #1800, #452 ) ) REPRESENTATION_CONTEXT ( 'NONE', 'WORKASPACE' ) );
#194 = DIRECTION ( 'NONE',  ( 0.000000000000000000, -0.000000000000000000, -1.000000000000000000 ) ) ;
#195 = ORIENTED_EDGE ( 'NONE', *, *, #1119, .F. ) ;
#196 =( NAMED_UNIT ( * ) SI_UNIT ( $, .STERADIAN. ) SOLID_ANGLE_UNIT ( ) );
#197 = STYLED_ITEM ( 'NONE', ( #1478 ), #2027 ) ;
#198 = VECTOR ( 'NONE', #172, 1000.000000000000000 ) ;
#199 = FILL_AREA_STYLE_COLOUR ( '', #1611 ) ;
#200 = FILL_AREA_STYLE_COLOUR ( '', #608 ) ;
#201 = ADVANCED_FACE ( 'NONE', ( #222 ), #986, .F. ) ;
#202 = ORIENTED_EDGE ( 'NONE', *, *, #2005, .F. ) ;
#203 = CARTESIAN_POINT ( 'NONE',  ( -9.641006475538844711, 13.32471844702070918, 0.000000000000000000 ) ) ;
#204 = EDGE_CURVE ( 'NONE', #1214, #1875, #2134, .T. ) ;
#205 = PRESENTATION_STYLE_ASSIGNMENT (( #935 ) ) ;
#206 = VECTOR ( 'NONE', #2379, 1000.000000000000000 ) ;
#207 = FACE_OUTER_BOUND ( 'NONE', #2362, .T. ) ;
#208 =( NAMED_UNIT ( * ) PLANE_ANGLE_UNIT ( ) SI_UNIT ( $, .RADIAN. ) );
#209 = ORIENTED_EDGE ( 'NONE', *, *, #1987, .F. ) ;
#210 = CARTESIAN_POINT ( 'NONE',  ( -2.039999999999999147, -4.000000000000000000, 31.50000000000000000 ) ) ;
#211 = CARTESIAN_POINT ( 'NONE',  ( -14.99999999999999822, 0.000000000000000000, 0.000000000000000000 ) ) ;
#212 = CARTESIAN_POINT ( 'NONE',  ( 4.093371642325965176, 5.500000000000000888, 31.50000000000000000 ) ) ;
#213 = LINE ( 'NONE', #2143, #662 ) ;
#214 = VERTEX_POINT ( 'NONE', #1528 ) ;
#215 = ADVANCED_FACE ( 'NONE', ( #464 ), #2355, .F. ) ;
#216 = CARTESIAN_POINT ( 'NONE',  ( -13.94634142835581336, 23.99999999999999289, 30.00000000000000000 ) ) ;
#217 = EDGE_CURVE ( 'NONE', #1722, #558, #2436, .T. ) ;
#218 = ORIENTED_EDGE ( 'NONE', *, *, #1586, .F. ) ;
#219 = DIRECTION ( 'NONE',  ( -1.000000000000000000, -0.000000000000000000, -0.000000000000000000 ) ) ;
#220 = DIRECTION ( 'NONE',  ( -2.168404344971008868E-16, 0.000000000000000000, 1.000000000000000000 ) ) ;
#221 = PRODUCT_DEFINITION_SHAPE ( 'NONE', 'NONE',  #610 ) ;
#222 = FACE_OUTER_BOUND ( 'NONE', #2183, .T. ) ;
#223 = LINE ( 'NONE', #235, #1972 ) ;
#224 = ORIENTED_EDGE ( 'NONE', *, *, #663, .T. ) ;
#225 = DIRECTION ( 'NONE',  ( -0.000000000000000000, -0.000000000000000000, -1.000000000000000000 ) ) ;
#226 = ORIENTED_EDGE ( 'NONE', *, *, #2239, .F. ) ;
#227 = FACE_OUTER_BOUND ( 'NONE', #678, .T. ) ;
#228 = ORIENTED_EDGE ( 'NONE', *, *, #1232, .F. ) ;
#229 = CARTESIAN_POINT ( 'NONE',  ( 4.461725325034680445, 8.500000000000000000, 15.50000000000000178 ) ) ;
#230 = DIRECTION ( 'NONE',  ( -1.000000000000000000, -2.312964634635742957E-16, -0.000000000000000000 ) ) ;
#231 = VECTOR ( 'NONE', #1199, 1000.000000000000000 ) ;
#232 = EDGE_CURVE ( 'NONE', #2368, #554, #2008, .T. ) ;
#233 = DIRECTION ( 'NONE',  ( -0.000000000000000000, -0.000000000000000000, 1.000000000000000000 ) ) ;
#234 = VECTOR ( 'NONE', #1965, 1000.000000000000000 ) ;
#235 = CARTESIAN_POINT ( 'NONE',  ( 2.039999999999997371, -4.000000000000000000, 31.50000000000000000 ) ) ;
#236 = CARTESIAN_POINT ( 'NONE',  ( 2.281459547646601305, 23.99999999999999645, 30.00000000000000000 ) ) ;
#237 = UNCERTAINTY_MEASURE_WITH_UNIT (LENGTH_MEASURE( 1.000000000000000082E-05 ), #980, 'distance_accuracy_value', 'NONE');
#238 =( NAMED_UNIT ( * ) PLANE_ANGLE_UNIT ( ) SI_UNIT ( $, .RADIAN. ) );
#239 = PRESENTATION_LAYER_ASSIGNMENT (  '', '', ( #1366 ) ) ;
#240 = FILL_AREA_STYLE_COLOUR ( '', #577 ) ;
#241 = FACE_OUTER_BOUND ( 'NONE', #933, .T. ) ;
#242 = ORIENTED_EDGE ( 'NONE', *, *, #107, .F. ) ;
#243 = VERTEX_POINT ( 'NONE', #2167 ) ;
#244 = DIRECTION ( 'NONE',  ( -0.000000000000000000, -0.000000000000000000, 1.000000000000000000 ) ) ;
#245 = FILL_AREA_STYLE ('',( #428 ) ) ;
#246 = AXIS2_PLACEMENT_3D ( 'NONE', #421, #1794, #1183 ) ;
#247 = CARTESIAN_POINT ( 'NONE',  ( 0.000000000000000000, 0.000000000000000000, 32.10000000000000142 ) ) ;
#248 = MECHANICAL_DESIGN_GEOMETRIC_PRESENTATION_REPRESENTATION (  '', ( #365 ), #1532 ) ;
#249 =( NAMED_UNIT ( * ) PLANE_ANGLE_UNIT ( ) SI_UNIT ( $, .RADIAN. ) );
#250 = EDGE_CURVE ( 'NONE', #2282, #1524, #1451, .T. ) ;
#251 =( NAMED_UNIT ( * ) SI_UNIT ( $, .STERADIAN. ) SOLID_ANGLE_UNIT ( ) );
#252 = CARTESIAN_POINT ( 'NONE',  ( -3.238200648272584914, 13.43511165093909376, 0.000000000000000000 ) ) ;
#253 = ORIENTED_EDGE ( 'NONE', *, *, #2113, .F. ) ;
#254 = PRESENTATION_STYLE_ASSIGNMENT (( #2153 ) ) ;
#255 = CARTESIAN_POINT ( 'NONE',  ( -13.94634142835581336, 10.00000000000000000, 0.000000000000000000 ) ) ;
#256 = VECTOR ( 'NONE', #1412, 1000.000000000000000 ) ;
#257 = EDGE_CURVE ( 'NONE', #501, #2054, #455, .T. ) ;
#258 =( NAMED_UNIT ( * ) PLANE_ANGLE_UNIT ( ) SI_UNIT ( $, .RADIAN. ) );
#259 = PRESENTATION_STYLE_ASSIGNMENT (( #28 ) ) ;
#260 = EDGE_CURVE ( 'NONE', #950, #1462, #1421, .T. ) ;
#261 = UNCERTAINTY_MEASURE_WITH_UNIT (LENGTH_MEASURE( 1.000000000000000082E-05 ), #910, 'distance_accuracy_value', 'NONE');
#262 = VECTOR ( 'NONE', #962, 1000.000000000000000 ) ;
#263 = EDGE_CURVE ( 'NONE', #1293, #2098, #1627, .T. ) ;
#264 = DIRECTION ( 'NONE',  ( 2.312964634635742957E-16, -1.000000000000000000, 0.000000000000000000 ) ) ;
#265 = VERTEX_POINT ( 'NONE', #489 ) ;
#266 =( LENGTH_UNIT ( ) NAMED_UNIT ( * ) SI_UNIT ( .MILLI., .METRE. ) );
#267 =( LENGTH_UNIT ( ) NAMED_UNIT ( * ) SI_UNIT ( .MILLI., .METRE. ) );
#268 = LINE ( 'NONE', #1031, #1839 ) ;
#269 =( LENGTH_UNIT ( ) NAMED_UNIT ( * ) SI_UNIT ( .MILLI., .METRE. ) );
#270 = DIRECTION ( 'NONE',  ( -0.000000000000000000, 1.000000000000000000, -0.000000000000000000 ) ) ;
#271 = COLOUR_RGB ( '',0.2509803921568627416, 0.2509803921568627416, 0.2509803921568627416 ) ;
#272 = MECHANICAL_DESIGN_GEOMETRIC_PRESENTATION_REPRESENTATION (  '', ( #1512 ), #728 ) ;
#273 = FILL_AREA_STYLE ('',( #2171 ) ) ;
#274 = EDGE_LOOP ( 'NONE', ( #921, #1830, #769, #898 ) ) ;
#275 = AXIS2_PLACEMENT_3D ( 'NONE', #333, #2217, #1280 ) ;
#276 = CARTESIAN_POINT ( 'NONE',  ( 0.000000000000000000, 10.00000000000000000, 18.50000000000000000 ) ) ;
#277 = ORIENTED_EDGE ( 'NONE', *, *, #593, .F. ) ;
#278 = PLANE ( 'NONE',  #1834 ) ;
#279 = DIRECTION ( 'NONE',  ( 0.000000000000000000, 1.000000000000000000, 0.000000000000000000 ) ) ;
#280 = SURFACE_STYLE_FILL_AREA ( #837 ) ;
#281 = CARTESIAN_POINT ( 'NONE',  ( 4.461725325034679557, 8.500000000000000000, 31.50000000000000000 ) ) ;
#282 = PRESENTATION_LAYER_ASSIGNMENT (  '', '', ( #1123 ) ) ;
#283 = DIRECTION ( 'NONE',  ( -0.000000000000000000, -0.000000000000000000, -1.000000000000000000 ) ) ;
#284 = EDGE_CURVE ( 'NONE', #708, #514, #268, .T. ) ;
#285 = ORIENTED_EDGE ( 'NONE', *, *, #2380, .T. ) ;
#286 = PRESENTATION_LAYER_ASSIGNMENT (  '', '', ( #1376 ) ) ;
#287 = CARTESIAN_POINT ( 'NONE',  ( 3.164605178993667778, 23.99999999999999645, 30.00000000000000000 ) ) ;
#288 =( NAMED_UNIT ( * ) SI_UNIT ( $, .STERADIAN. ) SOLID_ANGLE_UNIT ( ) );
#289 = MECHANICAL_DESIGN_GEOMETRIC_PRESENTATION_REPRESENTATION (  '', ( #498 ), #1010 ) ;
#290 = EDGE_CURVE ( 'NONE', #5, #1511, #2176, .T. ) ;
#291 = FACE_OUTER_BOUND ( 'NONE', #2248, .T. ) ;
#292 = ORIENTED_EDGE ( 'NONE', *, *, #2397, .T. ) ;
#293 = ADVANCED_FACE ( 'NONE', ( #58 ), #1239, .F. ) ;
#294 = DIRECTION ( 'NONE',  ( -0.000000000000000000, -1.000000000000000000, -0.000000000000000000 ) ) ;
#295 = CARTESIAN_POINT ( 'NONE',  ( -2.040000000000000036, 9.415236256020255823, 32.10000000000000142 ) ) ;
#296 = ORIENTED_EDGE ( 'NONE', *, *, #305, .F. ) ;
#297 = ORIENTED_EDGE ( 'NONE', *, *, #1858, .T. ) ;
#298 = DIRECTION ( 'NONE',  ( 0.000000000000000000, 0.000000000000000000, -1.000000000000000000 ) ) ;
#299 = CARTESIAN_POINT ( 'NONE',  ( -8.537074436355009510, 11.88960679608172022, 0.000000000000000000 ) ) ;
#300 = VERTEX_POINT ( 'NONE', #2094 ) ;
#301 = ADVANCED_FACE ( 'NONE', ( #395 ), #2035, .F. ) ;
#302 = DIRECTION ( 'NONE',  ( -0.000000000000000000, -1.000000000000000000, -0.000000000000000000 ) ) ;
#303 = EDGE_LOOP ( 'NONE', ( #2295, #1455, #1705, #467 ) ) ;
#304 = DIRECTION ( 'NONE',  ( -0.000000000000000000, -0.000000000000000000, 1.000000000000000000 ) ) ;
#305 = EDGE_CURVE ( 'NONE', #1004, #336, #1204, .T. ) ;
#306 = DIRECTION ( 'NONE',  ( 0.000000000000000000, 1.000000000000000000, 0.000000000000000000 ) ) ;
#307 = LINE ( 'NONE', #1628, #413 ) ;
#308 = CARTESIAN_POINT ( 'NONE',  ( 2.281459547646601305, 13.43511165093909376, 0.000000000000000000 ) ) ;
#309 = PRESENTATION_LAYER_ASSIGNMENT (  '', '', ( #109 ) ) ;
#310 = CARTESIAN_POINT ( 'NONE',  ( 2.039999999999997371, -4.000000000000000000, 32.10000000000000142 ) ) ;
#311 = LINE ( 'NONE', #1282, #1874 ) ;
#312 = VERTEX_POINT ( 'NONE', #947 ) ;
#313 = DIRECTION ( 'NONE',  ( 0.000000000000000000, 1.000000000000000000, 0.000000000000000000 ) ) ;
#314 = ORIENTED_EDGE ( 'NONE', *, *, #801, .F. ) ;
#315 = VECTOR ( 'NONE', #1815, 1000.000000000000000 ) ;
#316 = ORIENTED_EDGE ( 'NONE', *, *, #1719, .F. ) ;
#317 = CARTESIAN_POINT ( 'NONE',  ( -4.461725325034679557, 5.500000000000000888, 22.86835368270871172 ) ) ;
#318 = COLOUR_RGB ( '',0.2509803921568627416, 0.2509803921568627416, 0.2509803921568627416 ) ;
#319 = LINE ( 'NONE', #2068, #2359 ) ;
#320 = DIRECTION ( 'NONE',  ( -0.000000000000000000, -0.000000000000000000, -1.000000000000000000 ) ) ;
#321 = CARTESIAN_POINT ( 'NONE',  ( 9.125838190586391008, 24.00000000000000000, 0.000000000000000000 ) ) ;
#322 = PLANE ( 'NONE',  #881 ) ;
#323 = EDGE_CURVE ( 'NONE', #1568, #1632, #1725, .T. ) ;
#324 = EDGE_LOOP ( 'NONE', ( #178, #1598, #609, #366, #1499 ) ) ;
#325 = COLOUR_RGB ( '',0.2509803921568627416, 0.2509803921568627416, 0.2509803921568627416 ) ;
#326 = DIRECTION ( 'NONE',  ( -0.000000000000000000, -0.000000000000000000, -1.000000000000000000 ) ) ;
#327 = MECHANICAL_DESIGN_GEOMETRIC_PRESENTATION_REPRESENTATION (  '', ( #2346 ), #1172 ) ;
#328 = EDGE_LOOP ( 'NONE', ( #292, #1405, #186, #1360, #2100 ) ) ;
#329 = DIRECTION ( 'NONE',  ( -0.000000000000000000, -1.000000000000000000, -0.000000000000000000 ) ) ;
#330 = PRESENTATION_LAYER_ASSIGNMENT (  '', '', ( #1409 ) ) ;
#331 = ORIENTED_EDGE ( 'NONE', *, *, #2092, .T. ) ;
#332 = DIRECTION ( 'NONE',  ( -8.081871625622360701E-18, 1.000000000000000000, -0.000000000000000000 ) ) ;
#333 = CARTESIAN_POINT ( 'NONE',  ( 0.000000000000000000, 0.000000000000000000, 31.50000000000000000 ) ) ;
#334 = CARTESIAN_POINT ( 'NONE',  ( -0.4999999999999995559, 8.500000000000000000, 31.50000000000000000 ) ) ;
#335 =( LENGTH_UNIT ( ) NAMED_UNIT ( * ) SI_UNIT ( .MILLI., .METRE. ) );
#336 = VERTEX_POINT ( 'NONE', #1353 ) ;
#337 = EDGE_CURVE ( 'NONE', #835, #2163, #796, .T. ) ;
#338 = COLOUR_RGB ( '',0.7921568627450980005, 0.8196078431372548767, 0.9333333333333333481 ) ;
#339 = ORIENTED_EDGE ( 'NONE', *, *, #1261, .F. ) ;
#340 = DIRECTION ( 'NONE',  ( -0.000000000000000000, -0.000000000000000000, -1.000000000000000000 ) ) ;
#341 = DIRECTION ( 'NONE',  ( -0.000000000000000000, 0.000000000000000000, 1.000000000000000000 ) ) ;
#342 = ORIENTED_EDGE ( 'NONE', *, *, #1812, .F. ) ;
#343 = FACE_OUTER_BOUND ( 'NONE', #2245, .T. ) ;
#344 = DIRECTION ( 'NONE',  ( -0.000000000000000000, 1.000000000000000000, -0.000000000000000000 ) ) ;
#345 = FILL_AREA_STYLE_COLOUR ( '', #1115 ) ;
#346 = DIRECTION ( 'NONE',  ( 0.000000000000000000, -1.000000000000000000, 0.000000000000000000 ) ) ;
#347 = ORIENTED_EDGE ( 'NONE', *, *, #1209, .F. ) ;
#348 = FACE_OUTER_BOUND ( 'NONE', #1589, .T. ) ;
#349 = COLOUR_RGB ( '',0.2509803921568627416, 0.2509803921568627416, 0.2509803921568627416 ) ;
#350 = VERTEX_POINT ( 'NONE', #1325 ) ;
#351 = AXIS2_PLACEMENT_3D ( 'NONE', #1883, #2052, #160 ) ;
#352 = STYLED_ITEM ( 'NONE', ( #15 ), #2125 ) ;
#353 = ORIENTED_EDGE ( 'NONE', *, *, #1096, .F. ) ;
#354 = VECTOR ( 'NONE', #2413, 1000.000000000000000 ) ;
#355 = CARTESIAN_POINT ( 'NONE',  ( -4.461725325034680445, 10.00000000000000000, 31.50000000000000000 ) ) ;
#356 = CARTESIAN_POINT ( 'NONE',  ( 3.039999999999997371, 9.415236256020255823, 32.10000000000000142 ) ) ;
#357 = VECTOR ( 'NONE', #1657, 1000.000000000000000 ) ;
#358 =( NAMED_UNIT ( * ) PLANE_ANGLE_UNIT ( ) SI_UNIT ( $, .RADIAN. ) );
#359 = DIRECTION ( 'NONE',  ( -1.000000000000000000, -0.000000000000000000, -0.000000000000000000 ) ) ;
#360 = EDGE_CURVE ( 'NONE', #1799, #711, #584, .T. ) ;
#361 = COLOUR_RGB ( '',0.2509803921568627416, 0.2509803921568627416, 0.2509803921568627416 ) ;
#362 = CARTESIAN_POINT ( 'NONE',  ( -13.94634142835581336, 10.00000000000000000, 0.000000000000000000 ) ) ;
#363 = ORIENTED_EDGE ( 'NONE', *, *, #1969, .F. ) ;
#364 = CARTESIAN_POINT ( 'NONE',  ( 13.05365857164418664, 13.32471844702070918, 0.000000000000000000 ) ) ;
#365 = STYLED_ITEM ( 'NONE', ( #379 ), #922 ) ;
#366 = ORIENTED_EDGE ( 'NONE', *, *, #1890, .F. ) ;
#367 =( GEOMETRIC_REPRESENTATION_CONTEXT ( 3 ) GLOBAL_UNCERTAINTY_ASSIGNED_CONTEXT ( ( #1901 ) ) GLOBAL_UNIT_ASSIGNED_CONTEXT ( ( #269, #2189, #880 ) ) REPRESENTATION_CONTEXT ( 'NONE', 'WORKASPACE' ) );
#368 = FACE_OUTER_BOUND ( 'NONE', #274, .T. ) ;
#369 = DIRECTION ( 'NONE',  ( 6.465497300497888561E-17, -1.000000000000000000, 0.000000000000000000 ) ) ;
#370 =( NAMED_UNIT ( * ) SI_UNIT ( $, .STERADIAN. ) SOLID_ANGLE_UNIT ( ) );
#371 = VECTOR ( 'NONE', #1679, 1000.000000000000000 ) ;
#372 = EDGE_CURVE ( 'NONE', #312, #756, #2214, .T. ) ;
#373 = ORIENTED_EDGE ( 'NONE', *, *, #1861, .T. ) ;
#374 = LINE ( 'NONE', #559, #49 ) ;
#375 = CARTESIAN_POINT ( 'NONE',  ( -4.461725325034679557, 8.500000000000000000, 22.50000000000000000 ) ) ;
#376 = VECTOR ( 'NONE', #626, 1000.000000000000000 ) ;
#377 = EDGE_CURVE ( 'NONE', #501, #5, #607, .T. ) ;
#378 = ORIENTED_EDGE ( 'NONE', *, *, #217, .F. ) ;
#379 = PRESENTATION_STYLE_ASSIGNMENT (( #1491 ) ) ;
#380 = VECTOR ( 'NONE', #1263, 1000.000000000000000 ) ;
#381 = DIRECTION ( 'NONE',  ( 0.000000000000000000, -0.000000000000000000, -1.000000000000000000 ) ) ;
#382 = ORIENTED_EDGE ( 'NONE', *, *, #1403, .F. ) ;
#383 = ORIENTED_EDGE ( 'NONE', *, *, #1357, .T. ) ;
#384 = DIRECTION ( 'NONE',  ( 2.312964634635742957E-16, -1.000000000000000000, 0.000000000000000000 ) ) ;
#385 = CARTESIAN_POINT ( 'NONE',  ( 0.000000000000000000, 0.000000000000000000, 0.000000000000000000 ) ) ;
#386 = ORIENTED_EDGE ( 'NONE', *, *, #2210, .F. ) ;
#387 = CARTESIAN_POINT ( 'NONE',  ( -4.461725325034680445, 10.00000000000000000, 15.50000000000000000 ) ) ;
#388 = DIRECTION ( 'NONE',  ( 0.000000000000000000, 0.9925461516413220942, -0.1218693434051475177 ) ) ;
#389 = ADVANCED_FACE ( 'NONE', ( #368 ), #1545, .F. ) ;
#390 = DIRECTION ( 'NONE',  ( -2.168404344971008868E-16, 0.000000000000000000, 1.000000000000000000 ) ) ;
#391 = CARTESIAN_POINT ( 'NONE',  ( -3.238200648272584914, 13.43511165093909376, 0.000000000000000000 ) ) ;
#392 = ORIENTED_EDGE ( 'NONE', *, *, #50, .F. ) ;
#393 = UNCERTAINTY_MEASURE_WITH_UNIT (LENGTH_MEASURE( 1.000000000000000082E-05 ), #1502, 'distance_accuracy_value', 'NONE');
#394 = LINE ( 'NONE', #1099, #1891 ) ;
#395 = FACE_OUTER_BOUND ( 'NONE', #1200, .T. ) ;
#396 = ORIENTED_EDGE ( 'NONE', *, *, #1040, .F. ) ;
#397 = CARTESIAN_POINT ( 'NONE',  ( -0.4999999999999993339, 9.415236256020255823, 32.10000000000000142 ) ) ;
#398 = ORIENTED_EDGE ( 'NONE', *, *, #1299, .T. ) ;
#399 = CARTESIAN_POINT ( 'NONE',  ( -4.461725325034680445, 8.500000000000000000, 31.50000000000000000 ) ) ;
#400 = VECTOR ( 'NONE', #344, 1000.000000000000000 ) ;
#401 = LINE ( 'NONE', #26, #262 ) ;
#402 = EDGE_CURVE ( 'NONE', #1489, #1739, #1596, .T. ) ;
#403 = CLOSED_SHELL ( 'NONE', ( #601, #185, #1461, #301, #500, #692, #1783, #722, #459, #1702, #1522, #1072, #922, #2125, #1179, #215, #1873, #710, #1737, #1664, #1474, #1837, #2408, #1492, #2020, #1543, #293, #1067, #76, #389, #1629, #1292, #897, #201, #1310, #1339, #422, #786, #1924, #1649, #2027, #2358, #719, #1519, #516, #1264, #1569, #1142, #103, #1921, #1827, #1387, #2373, #823, #1621, #513, #64, #1201, #813, #1037, #644, #148 ) ) ;
#404 = DIRECTION ( 'NONE',  ( -0.000000000000000000, 0.000000000000000000, 1.000000000000000000 ) ) ;
#405 = FILL_AREA_STYLE ('',( #199 ) ) ;
#406 =( NAMED_UNIT ( * ) PLANE_ANGLE_UNIT ( ) SI_UNIT ( $, .RADIAN. ) );
#407 = EDGE_CURVE ( 'NONE', #1524, #1980, #991, .T. ) ;
#408 = STYLED_ITEM ( 'NONE', ( #53 ), #459 ) ;
#409 =( NAMED_UNIT ( * ) SI_UNIT ( $, .STERADIAN. ) SOLID_ANGLE_UNIT ( ) );
#410 = SURFACE_STYLE_USAGE ( .BOTH. , #192 ) ;
#411 = PRESENTATION_LAYER_ASSIGNMENT (  '', '', ( #2155 ) ) ;
#412 = SURFACE_STYLE_USAGE ( .BOTH. , #2257 ) ;
#413 = VECTOR ( 'NONE', #1790, 1000.000000000000000 ) ;
#414 = VERTEX_POINT ( 'NONE', #2162 ) ;
#415 = DIRECTION ( 'NONE',  ( 1.000000000000000000, 0.000000000000000000, 1.944005232956965261E-16 ) ) ;
#416 = AXIS2_PLACEMENT_3D ( 'NONE', #1690, #2424, #532 ) ;
#417 = LINE ( 'NONE', #1178, #20 ) ;
#418 = FACE_OUTER_BOUND ( 'NONE', #1479, .T. ) ;
#419 = FACE_OUTER_BOUND ( 'NONE', #1900, .T. ) ;
#420 = ORIENTED_EDGE ( 'NONE', *, *, #80, .F. ) ;
#421 = CARTESIAN_POINT ( 'NONE',  ( -4.461725325034680445, 8.500000000000000000, 31.50000000000000000 ) ) ;
#422 = ADVANCED_FACE ( 'NONE', ( #2136 ), #1186, .F. ) ;
#423 = ORIENTED_EDGE ( 'NONE', *, *, #1936, .F. ) ;
#424 = CARTESIAN_POINT ( 'NONE',  ( -3.040000000000000036, -4.000000000000000000, 32.10000000000000142 ) ) ;
#425 = LINE ( 'NONE', #797, #1198 ) ;
#426 = ORIENTED_EDGE ( 'NONE', *, *, #1327, .F. ) ;
#427 = FACE_OUTER_BOUND ( 'NONE', #1075, .T. ) ;
#428 = FILL_AREA_STYLE_COLOUR ( '', #2111 ) ;
#429 = LINE ( 'NONE', #830, #85 ) ;
#430 = PLANE ( 'NONE',  #1756 ) ;
#431 = CARTESIAN_POINT ( 'NONE',  ( -9.641006475538844711, 23.99999999999999289, 0.000000000000000000 ) ) ;
#432 =( NAMED_UNIT ( * ) SI_UNIT ( $, .STERADIAN. ) SOLID_ANGLE_UNIT ( ) );
#433 = EDGE_LOOP ( 'NONE', ( #95, #331, #1436, #342, #2193, #1446, #2062, #1946, #68, #1832, #2423, #24, #2207, #1255, #1467, #1283, #1625, #544, #2350, #854, #1098, #1927, #831, #1494, #2145, #1313, #1078, #42 ) ) ;
#434 = ORIENTED_EDGE ( 'NONE', *, *, #232, .F. ) ;
#435 = EDGE_CURVE ( 'NONE', #350, #835, #1937, .T. ) ;
#436 =( NAMED_UNIT ( * ) PLANE_ANGLE_UNIT ( ) SI_UNIT ( $, .RADIAN. ) );
#437 = CARTESIAN_POINT ( 'NONE',  ( 0.5000000000000006661, -4.000000000000000000, 32.10000000000000142 ) ) ;
#438 = VECTOR ( 'NONE', #104, 1000.000000000000000 ) ;
#439 = PRESENTATION_LAYER_ASSIGNMENT (  '', '', ( #1429 ) ) ;
#440 = CARTESIAN_POINT ( 'NONE',  ( 13.05365857164418664, 0.000000000000000000, 30.00000000000000000 ) ) ;
#441 = SURFACE_STYLE_FILL_AREA ( #1390 ) ;
#442 = VECTOR ( 'NONE', #390, 1000.000000000000000 ) ;
#443 = ORIENTED_EDGE ( 'NONE', *, *, #1327, .T. ) ;
#444 = LINE ( 'NONE', #1784, #206 ) ;
#445 = VECTOR ( 'NONE', #1174, 1000.000000000000000 ) ;
#446 = VECTOR ( 'NONE', #808, 1000.000000000000000 ) ;
#447 = ORIENTED_EDGE ( 'NONE', *, *, #2152, .F. ) ;
#448 = DIRECTION ( 'NONE',  ( 0.000000000000000000, -1.000000000000000000, 0.000000000000000000 ) ) ;
#449 = AXIS2_PLACEMENT_3D ( 'NONE', #2016, #302, #1060 ) ;
#450 = ORIENTED_EDGE ( 'NONE', *, *, #10, .F. ) ;
#451 = AXIS2_PLACEMENT_3D ( 'NONE', #1971, #640, #1554 ) ;
#452 =( NAMED_UNIT ( * ) SI_UNIT ( $, .STERADIAN. ) SOLID_ANGLE_UNIT ( ) );
#453 = CARTESIAN_POINT ( 'NONE',  ( -15.00000000000000000, 23.99999999999999289, 30.00000000000000000 ) ) ;
#454 = PRESENTATION_LAYER_ASSIGNMENT (  '', '', ( #1450 ) ) ;
#455 = LINE ( 'NONE', #1400, #1683 ) ;
#456 = VECTOR ( 'NONE', #579, 1000.000000000000000 ) ;
#457 = DIRECTION ( 'NONE',  ( 0.000000000000000000, 1.000000000000000000, 0.000000000000000000 ) ) ;
#458 = FILL_AREA_STYLE_COLOUR ( '', #2031 ) ;
#459 = ADVANCED_FACE ( 'NONE', ( #1786 ), #1005, .F. ) ;
#460 = VERTEX_POINT ( 'NONE', #1588 ) ;
#461 = ORIENTED_EDGE ( 'NONE', *, *, #2301, .T. ) ;
#462 = LINE ( 'NONE', #1616, #1347 ) ;
#463 = COLOUR_RGB ( '',0.2509803921568627416, 0.2509803921568627416, 0.2509803921568627416 ) ;
#464 = FACE_OUTER_BOUND ( 'NONE', #433, .T. ) ;
#465 = CARTESIAN_POINT ( 'NONE',  ( 3.164605178993667778, 23.99999999999999645, 0.000000000000000000 ) ) ;
#466 = CARTESIAN_POINT ( 'NONE',  ( -8.537074436355009510, 23.99999999999999289, 0.000000000000000000 ) ) ;
#467 = ORIENTED_EDGE ( 'NONE', *, *, #1936, .T. ) ;
#468 = DIRECTION ( 'NONE',  ( -1.000000000000000000, -2.312964634635742957E-16, -0.000000000000000000 ) ) ;
#469 = VERTEX_POINT ( 'NONE', #424 ) ;
#470 = CARTESIAN_POINT ( 'NONE',  ( 0.000000000000000000, 5.500000000000000888, 0.000000000000000000 ) ) ;
#471 = FACE_OUTER_BOUND ( 'NONE', #1176, .T. ) ;
#472 = CARTESIAN_POINT ( 'NONE',  ( 3.039999999999997371, 9.415236256020255823, 31.50000000000000000 ) ) ;
#473 = LINE ( 'NONE', #102, #2195 ) ;
#474 = CARTESIAN_POINT ( 'NONE',  ( -13.94634142835581336, 10.00000000000000000, 0.000000000000000000 ) ) ;
#475 =( GEOMETRIC_REPRESENTATION_CONTEXT ( 3 ) GLOBAL_UNCERTAINTY_ASSIGNED_CONTEXT ( ( #783 ) ) GLOBAL_UNIT_ASSIGNED_CONTEXT ( ( #2211, #2399, #2223 ) ) REPRESENTATION_CONTEXT ( 'NONE', 'WORKASPACE' ) );
#476 = EDGE_CURVE ( 'NONE', #747, #144, #2150, .T. ) ;
#477 = FILL_AREA_STYLE_COLOUR ( '', #1168 ) ;
#478 = DIRECTION ( 'NONE',  ( 1.000000000000000000, 2.312964634635742957E-16, 0.000000000000000000 ) ) ;
#479 = VECTOR ( 'NONE', #915, 1000.000000000000000 ) ;
#480 = EDGE_CURVE ( 'NONE', #711, #1020, #1211, .T. ) ;
#481 = ORIENTED_EDGE ( 'NONE', *, *, #1245, .T. ) ;
#482 = VECTOR ( 'NONE', #306, 1000.000000000000000 ) ;
#483 = CARTESIAN_POINT ( 'NONE',  ( 4.461725325034676892, 8.500000000000000000, 31.50000000000000000 ) ) ;
#484 = AXIS2_PLACEMENT_3D ( 'NONE', #2266, #596, #1736 ) ;
#485 = ORIENTED_EDGE ( 'NONE', *, *, #260, .T. ) ;
#486 = FILL_AREA_STYLE_COLOUR ( '', #1595 ) ;
#487 = DIRECTION ( 'NONE',  ( 0.1218693434051475177, 0.9925461516413220942, 0.000000000000000000 ) ) ;
#488 = AXIS2_PLACEMENT_3D ( 'NONE', #1247, #2208, #912 ) ;
#489 = CARTESIAN_POINT ( 'NONE',  ( -14.99999999999999822, 0.000000000000000000, 0.000000000000000000 ) ) ;
#490 = CARTESIAN_POINT ( 'NONE',  ( 4.461725325034680445, 10.00000000000000000, 15.50000000000000178 ) ) ;
#491 = VECTOR ( 'NONE', #2205, 1000.000000000000000 ) ;
#492 = DIRECTION ( 'NONE',  ( -0.000000000000000000, 1.000000000000000000, -0.000000000000000000 ) ) ;
#493 = EDGE_LOOP ( 'NONE', ( #1375, #253, #818, #805 ) ) ;
#494 = ORIENTED_EDGE ( 'NONE', *, *, #55, .F. ) ;
#495 = AXIS2_PLACEMENT_3D ( 'NONE', #1021, #71, #848 ) ;
#496 =( NAMED_UNIT ( * ) SI_UNIT ( $, .STERADIAN. ) SOLID_ANGLE_UNIT ( ) );
#497 = CARTESIAN_POINT ( 'NONE',  ( 9.125838190586391008, 24.00000000000000000, 30.00000000000000000 ) ) ;
#498 = STYLED_ITEM ( 'NONE', ( #2412 ), #1292 ) ;
#499 = DIRECTION ( 'NONE',  ( 0.000000000000000000, 0.000000000000000000, 1.000000000000000000 ) ) ;
#500 = ADVANCED_FACE ( 'NONE', ( #656 ), #1747, .F. ) ;
#501 = VERTEX_POINT ( 'NONE', #2406 ) ;
#502 = EDGE_CURVE ( 'NONE', #336, #1004, #1769, .T. ) ;
#503 = SURFACE_STYLE_USAGE ( .BOTH. , #1398 ) ;
#504 = CARTESIAN_POINT ( 'NONE',  ( -13.94634142835581336, 0.000000000000000000, 0.000000000000000000 ) ) ;
#505 = DIRECTION ( 'NONE',  ( 0.000000000000000000, -1.000000000000000000, 0.000000000000000000 ) ) ;
#506 = CARTESIAN_POINT ( 'NONE',  ( 0.5000000000000006661, -4.000000000000000000, 32.10000000000000142 ) ) ;
#507 = FILL_AREA_STYLE ('',( #1454 ) ) ;
#508 = DIRECTION ( 'NONE',  ( -2.891205793294679312E-16, 1.000000000000000000, -0.000000000000000000 ) ) ;
#509 = SURFACE_STYLE_FILL_AREA ( #1257 ) ;
#510 =( GEOMETRIC_REPRESENTATION_CONTEXT ( 3 ) GLOBAL_UNCERTAINTY_ASSIGNED_CONTEXT ( ( #1721 ) ) GLOBAL_UNIT_ASSIGNED_CONTEXT ( ( #631, #208, #432 ) ) REPRESENTATION_CONTEXT ( 'NONE', 'WORKASPACE' ) );
#511 = ORIENTED_EDGE ( 'NONE', *, *, #402, .T. ) ;
#512 = CARTESIAN_POINT ( 'NONE',  ( -14.99999999999999822, 0.000000000000000000, 30.00000000000000000 ) ) ;
#513 = ADVANCED_FACE ( 'NONE', ( #291 ), #1662, .T. ) ;
#514 = VERTEX_POINT ( 'NONE', #2194 ) ;
#515 = DIRECTION ( 'NONE',  ( 0.1209742911513545793, 0.9852565360152931717, 0.1209742911513545932 ) ) ;
#516 = ADVANCED_FACE ( 'NONE', ( #1674 ), #2396, .F. ) ;
#517 = CARTESIAN_POINT ( 'NONE',  ( 3.039999999999997371, -4.000000000000000000, 32.10000000000000142 ) ) ;
#518 = PLANE ( 'NONE',  #416 ) ;
#519 = CARTESIAN_POINT ( 'NONE',  ( 0.000000000000000000, 0.000000000000000000, 31.50000000000000000 ) ) ;
#520 = ORIENTED_EDGE ( 'NONE', *, *, #476, .F. ) ;
#521 =( GEOMETRIC_REPRESENTATION_CONTEXT ( 3 ) GLOBAL_UNCERTAINTY_ASSIGNED_CONTEXT ( ( #653 ) ) GLOBAL_UNIT_ASSIGNED_CONTEXT ( ( #2387, #1666, #2047 ) ) REPRESENTATION_CONTEXT ( 'NONE', 'WORKASPACE' ) );
#522 = LINE ( 'NONE', #900, #781 ) ;
#523 = COLOUR_RGB ( '',0.2509803921568627416, 0.2509803921568627416, 0.2509803921568627416 ) ;
#524 = ORIENTED_EDGE ( 'NONE', *, *, #1599, .F. ) ;
#525 =( LENGTH_UNIT ( ) NAMED_UNIT ( * ) SI_UNIT ( .MILLI., .METRE. ) );
#526 = STYLED_ITEM ( 'NONE', ( #896 ), #2020 ) ;
#527 = COLOUR_RGB ( '',0.2509803921568627416, 0.2509803921568627416, 0.2509803921568627416 ) ;
#528 = ORIENTED_EDGE ( 'NONE', *, *, #1515, .T. ) ;
#529 = EDGE_LOOP ( 'NONE', ( #398, #680, #1652, #1584 ) ) ;
#530 = LINE ( 'NONE', #925, #2071 ) ;
#531 = MECHANICAL_DESIGN_GEOMETRIC_PRESENTATION_REPRESENTATION (  '', ( #777 ), #1844 ) ;
#532 = DIRECTION ( 'NONE',  ( 0.000000000000000000, -0.000000000000000000, 1.000000000000000000 ) ) ;
#533 = LINE ( 'NONE', #1093, #479 ) ;
#534 = ORIENTED_EDGE ( 'NONE', *, *, #2316, .F. ) ;
#535 = PLANE ( 'NONE',  #275 ) ;
#536 = COLOUR_RGB ( '',0.2509803921568627416, 0.2509803921568627416, 0.2509803921568627416 ) ;
#537 = DIRECTION ( 'NONE',  ( 0.000000000000000000, 0.000000000000000000, 1.000000000000000000 ) ) ;
#538 = EDGE_CURVE ( 'NONE', #1696, #983, #1460, .T. ) ;
#539 = DIRECTION ( 'NONE',  ( 4.336808689942018722E-16, -1.000000000000000000, 0.000000000000000000 ) ) ;
#540 = VECTOR ( 'NONE', #590, 1000.000000000000000 ) ;
#541 = EDGE_LOOP ( 'NONE', ( #1140, #2138, #2191, #1287 ) ) ;
#542 = FILL_AREA_STYLE_COLOUR ( '', #1212 ) ;
#543 = COLOUR_RGB ( '',0.2509803921568627416, 0.2509803921568627416, 0.2509803921568627416 ) ;
#544 = ORIENTED_EDGE ( 'NONE', *, *, #2139, .T. ) ;
#545 = LINE ( 'NONE', #317, #2407 ) ;
#546 = VECTOR ( 'NONE', #2132, 1000.000000000000000 ) ;
#547 = LINE ( 'NONE', #1907, #1303 ) ;
#548 = ORIENTED_EDGE ( 'NONE', *, *, #1928, .F. ) ;
#549 = LINE ( 'NONE', #1306, #400 ) ;
#550 = CARTESIAN_POINT ( 'NONE',  ( 3.164605178993673107, 12.00000000000000000, 30.00000000000000000 ) ) ;
#551 = CARTESIAN_POINT ( 'NONE',  ( 3.039999999999997371, 9.415236256020255823, 32.10000000000000142 ) ) ;
#552 = ORIENTED_EDGE ( 'NONE', *, *, #1215, .T. ) ;
#553 = UNCERTAINTY_MEASURE_WITH_UNIT (LENGTH_MEASURE( 1.000000000000000082E-05 ), #1504, 'distance_accuracy_value', 'NONE');
#554 = VERTEX_POINT ( 'NONE', #2001 ) ;
#555 = SURFACE_STYLE_FILL_AREA ( #1735 ) ;
#556 = EDGE_LOOP ( 'NONE', ( #1156, #1192, #228, #1757 ) ) ;
#557 = CARTESIAN_POINT ( 'NONE',  ( -8.537074436355009510, 23.99999999999999289, 0.000000000000000000 ) ) ;
#558 = VERTEX_POINT ( 'NONE', #1622 ) ;
#559 = CARTESIAN_POINT ( 'NONE',  ( -3.040000000000000036, 9.415236256020255823, 32.10000000000000142 ) ) ;
#560 = DIRECTION ( 'NONE',  ( 1.000000000000000000, 0.000000000000000000, 0.000000000000000000 ) ) ;
#561 = DIRECTION ( 'NONE',  ( -7.228014483236695816E-17, -1.000000000000000000, 0.000000000000000000 ) ) ;
#562 = LINE ( 'NONE', #4, #2299 ) ;
#563 = ORIENTED_EDGE ( 'NONE', *, *, #1678, .F. ) ;
#564 = EDGE_CURVE ( 'NONE', #72, #1157, #1049, .T. ) ;
#565 = VECTOR ( 'NONE', #270, 1000.000000000000000 ) ;
#566 = MECHANICAL_DESIGN_GEOMETRIC_PRESENTATION_REPRESENTATION (  '', ( #1429 ), #1988 ) ;
#567 = ORIENTED_EDGE ( 'NONE', *, *, #65, .T. ) ;
#568 = VECTOR ( 'NONE', #776, 1000.000000000000000 ) ;
#569 = CARTESIAN_POINT ( 'NONE',  ( -15.00000000000000000, 23.99999999999999289, 0.000000000000000000 ) ) ;
#570 = CARTESIAN_POINT ( 'NONE',  ( -3.238200648272584914, 13.43511165093909376, 30.00000000000000000 ) ) ;
#571 = EDGE_CURVE ( 'NONE', #1235, #2255, #1234, .T. ) ;
#572 = FILL_AREA_STYLE ('',( #1676 ) ) ;
#573 =( GEOMETRIC_REPRESENTATION_CONTEXT ( 3 ) GLOBAL_UNCERTAINTY_ASSIGNED_CONTEXT ( ( #393 ) ) GLOBAL_UNIT_ASSIGNED_CONTEXT ( ( #1502, #358, #1538 ) ) REPRESENTATION_CONTEXT ( 'NONE', 'WORKASPACE' ) );
#574 = EDGE_LOOP ( 'NONE', ( #1329, #1459, #1908, #624 ) ) ;
#575 = SURFACE_STYLE_FILL_AREA ( #914 ) ;
#576 = PLANE ( 'NONE',  #1556 ) ;
#577 = COLOUR_RGB ( '',0.2509803921568627416, 0.2509803921568627416, 0.2509803921568627416 ) ;
#578 = ORIENTED_EDGE ( 'NONE', *, *, #2252, .F. ) ;
#579 = DIRECTION ( 'NONE',  ( -0.000000000000000000, -0.000000000000000000, 1.000000000000000000 ) ) ;
#580 = SURFACE_STYLE_USAGE ( .BOTH. , #2289 ) ;
#581 = VERTEX_POINT ( 'NONE', #1090 ) ;
#582 = UNCERTAINTY_MEASURE_WITH_UNIT (LENGTH_MEASURE( 1.000000000000000082E-05 ), #2124, 'distance_accuracy_value', 'NONE');
#583 = STYLED_ITEM ( 'NONE', ( #1514 ), #1067 ) ;
#584 = LINE ( 'NONE', #1913, #1076 ) ;
#585 = EDGE_CURVE ( 'NONE', #1182, #2243, #679, .T. ) ;
#586 = CARTESIAN_POINT ( 'NONE',  ( -4.461725325034680445, 8.500000000000000000, 31.50000000000000000 ) ) ;
#587 = EDGE_LOOP ( 'NONE', ( #1975, #773, #1583, #1038 ) ) ;
#588 = DIRECTION ( 'NONE',  ( 1.000000000000000000, 0.000000000000000000, 0.000000000000000000 ) ) ;
#589 = DIRECTION ( 'NONE',  ( 1.000000000000000000, 0.000000000000000000, 1.944005232956965261E-16 ) ) ;
#590 = DIRECTION ( 'NONE',  ( -1.000000000000000000, -2.312964634635742957E-16, -0.000000000000000000 ) ) ;
#591 = PLANE ( 'NONE',  #1833 ) ;
#592 = ORIENTED_EDGE ( 'NONE', *, *, #1858, .F. ) ;
#593 = EDGE_CURVE ( 'NONE', #1270, #581, #876, .T. ) ;
#594 = FACE_OUTER_BOUND ( 'NONE', #1402, .T. ) ;
#595 = ORIENTED_EDGE ( 'NONE', *, *, #1812, .T. ) ;
#596 = DIRECTION ( 'NONE',  ( -0.000000000000000000, -1.000000000000000000, -0.000000000000000000 ) ) ;
#597 = FILL_AREA_STYLE_COLOUR ( '', #271 ) ;
#598 = ORIENTED_EDGE ( 'NONE', *, *, #1719, .T. ) ;
#599 = CARTESIAN_POINT ( 'NONE',  ( -4.461725325034680445, 8.500000000000000000, 15.50000000000000000 ) ) ;
#600 = DIRECTION ( 'NONE',  ( 1.000000000000000000, 0.000000000000000000, 0.000000000000000000 ) ) ;
#601 = ADVANCED_FACE ( 'NONE', ( #694 ), #1443, .F. ) ;
#602 = LINE ( 'NONE', #829, #1763 ) ;
#603 = FACE_OUTER_BOUND ( 'NONE', #39, .T. ) ;
#604 = EDGE_LOOP ( 'NONE', ( #420, #1637, #110, #316 ) ) ;
#605 = UNCERTAINTY_MEASURE_WITH_UNIT (LENGTH_MEASURE( 1.000000000000000082E-05 ), #2033, 'distance_accuracy_value', 'NONE');
#606 = PRESENTATION_STYLE_ASSIGNMENT (( #2114 ) ) ;
#607 = LINE ( 'NONE', #517, #116 ) ;
#608 = COLOUR_RGB ( '',0.2509803921568627416, 0.2509803921568627416, 0.2509803921568627416 ) ;
#609 = ORIENTED_EDGE ( 'NONE', *, *, #904, .F. ) ;
#610 = PRODUCT_DEFINITION ( 'UNKNOWN', '', #1350, #1542 ) ;
#611 = DIRECTION ( 'NONE',  ( 1.000000000000000000, 0.000000000000000000, -0.000000000000000000 ) ) ;
#612 = AXIS2_PLACEMENT_3D ( 'NONE', #906, #2170, #665 ) ;
#613 = CARTESIAN_POINT ( 'NONE',  ( 13.05365857164418664, 24.00000000000000000, 0.000000000000000000 ) ) ;
#614 = PRESENTATION_LAYER_ASSIGNMENT (  '', '', ( #1801 ) ) ;
#615 = DIRECTION ( 'NONE',  ( 1.000000000000000000, 0.000000000000000000, 0.000000000000000000 ) ) ;
#616 = DIRECTION ( 'NONE',  ( 1.000000000000000000, 0.000000000000000000, 0.000000000000000000 ) ) ;
#617 = EDGE_LOOP ( 'NONE', ( #595, #2074, #37, #959 ) ) ;
#618 = EDGE_CURVE ( 'NONE', #2151, #1997, #1831, .T. ) ;
#619 = LINE ( 'NONE', #2146, #2045 ) ;
#620 = ORIENTED_EDGE ( 'NONE', *, *, #1107, .F. ) ;
#621 = SURFACE_STYLE_USAGE ( .BOTH. , #30 ) ;
#622 = AXIS2_PLACEMENT_3D ( 'NONE', #2012, #1036, #298 ) ;
#623 =( NAMED_UNIT ( * ) PLANE_ANGLE_UNIT ( ) SI_UNIT ( $, .RADIAN. ) );
#624 = ORIENTED_EDGE ( 'NONE', *, *, #1261, .T. ) ;
#625 = LINE ( 'NONE', #25, #1851 ) ;
#626 = DIRECTION ( 'NONE',  ( -0.000000000000000000, -0.000000000000000000, 1.000000000000000000 ) ) ;
#627 = CARTESIAN_POINT ( 'NONE',  ( -13.94634142835581336, 0.000000000000000000, 0.000000000000000000 ) ) ;
#628 = CARTESIAN_POINT ( 'NONE',  ( 13.05365857164418664, 10.00000000000000000, 30.00000000000000000 ) ) ;
#629 = CARTESIAN_POINT ( 'NONE',  ( -15.00000000000000000, 23.99999999999999289, 30.00000000000000000 ) ) ;
#630 = PLANE ( 'NONE',  #2221 ) ;
#631 =( LENGTH_UNIT ( ) NAMED_UNIT ( * ) SI_UNIT ( .MILLI., .METRE. ) );
#632 = ORIENTED_EDGE ( 'NONE', *, *, #284, .F. ) ;
#633 = CARTESIAN_POINT ( 'NONE',  ( 0.000000000000000000, 8.500000000000000000, 0.000000000000000000 ) ) ;
#634 = PRESENTATION_LAYER_ASSIGNMENT (  '', '', ( #1746 ) ) ;
#635 = LINE ( 'NONE', #627, #923 ) ;
#636 = SURFACE_STYLE_FILL_AREA ( #17 ) ;
#637 = DIRECTION ( 'NONE',  ( -1.000000000000000000, 0.000000000000000000, 0.000000000000000000 ) ) ;
#638 = AXIS2_PLACEMENT_3D ( 'NONE', #1301, #771, #341 ) ;
#639 = ORIENTED_EDGE ( 'NONE', *, *, #2080, .F. ) ;
#640 = DIRECTION ( 'NONE',  ( -1.000000000000000000, 0.000000000000000000, -2.168404344971008868E-16 ) ) ;
#641 = DIRECTION ( 'NONE',  ( -1.944005232956965261E-16, 0.000000000000000000, 1.000000000000000000 ) ) ;
#642 = ORIENTED_EDGE ( 'NONE', *, *, #1357, .F. ) ;
#643 = VECTOR ( 'NONE', #340, 1000.000000000000000 ) ;
#644 = ADVANCED_FACE ( 'NONE', ( #1651 ), #2383, .F. ) ;
#645 = CARTESIAN_POINT ( 'NONE',  ( 2.281459547646601305, 23.99999999999999645, 0.000000000000000000 ) ) ;
#646 = DIRECTION ( 'NONE',  ( -0.000000000000000000, -0.000000000000000000, -1.000000000000000000 ) ) ;
#647 = PRESENTATION_LAYER_ASSIGNMENT (  '', '', ( #1512 ) ) ;
#648 = VECTOR ( 'NONE', #492, 1000.000000000000000 ) ;
#649 = DIRECTION ( 'NONE',  ( 0.000000000000000000, -0.000000000000000000, -1.000000000000000000 ) ) ;
#650 = DIRECTION ( 'NONE',  ( 0.000000000000000000, -0.000000000000000000, -1.000000000000000000 ) ) ;
#651 = VECTOR ( 'NONE', #2188, 1000.000000000000000 ) ;
#652 = ORIENTED_EDGE ( 'NONE', *, *, #1385, .F. ) ;
#653 = UNCERTAINTY_MEASURE_WITH_UNIT (LENGTH_MEASURE( 1.000000000000000082E-05 ), #2387, 'distance_accuracy_value', 'NONE');
#654 = LINE ( 'NONE', #2292, #164 ) ;
#655 = VERTEX_POINT ( 'NONE', #1846 ) ;
#656 = FACE_OUTER_BOUND ( 'NONE', #761, .T. ) ;
#657 = ORIENTED_EDGE ( 'NONE', *, *, #2092, .F. ) ;
#658 = EDGE_CURVE ( 'NONE', #1744, #214, #125, .T. ) ;
#659 = AXIS2_PLACEMENT_3D ( 'NONE', #163, #384, #1912 ) ;
#660 = FILL_AREA_STYLE_COLOUR ( '', #2314 ) ;
#661 = CARTESIAN_POINT ( 'NONE',  ( -13.94634142835581336, 0.000000000000000000, 30.00000000000000000 ) ) ;
#662 = VECTOR ( 'NONE', #1919, 1000.000000000000000 ) ;
#663 = EDGE_CURVE ( 'NONE', #1324, #469, #1309, .T. ) ;
#664 = SURFACE_STYLE_USAGE ( .BOTH. , #714 ) ;
#665 = DIRECTION ( 'NONE',  ( 0.000000000000000000, 0.000000000000000000, -1.000000000000000000 ) ) ;
#666 = PLANE ( 'NONE',  #2271 ) ;
#667 =( NAMED_UNIT ( * ) SI_UNIT ( $, .STERADIAN. ) SOLID_ANGLE_UNIT ( ) );
#668 = EDGE_LOOP ( 'NONE', ( #296, #2082 ) ) ;
#669 = DIRECTION ( 'NONE',  ( 0.000000000000000000, 0.000000000000000000, -1.000000000000000000 ) ) ;
#670 = CARTESIAN_POINT ( 'NONE',  ( -3.238200648272584914, 23.99999999999999645, 0.000000000000000000 ) ) ;
#671 = VECTOR ( 'NONE', #1835, 1000.000000000000000 ) ;
#672 = STYLED_ITEM ( 'NONE', ( #2280 ), #1064 ) ;
#673 = CARTESIAN_POINT ( 'NONE',  ( -0.4999999999999993339, -4.000000000000000000, 31.50000000000000000 ) ) ;
#674 = EDGE_CURVE ( 'NONE', #414, #983, #2277, .T. ) ;
#675 = CARTESIAN_POINT ( 'NONE',  ( -4.231739483538040858, 11.88960679608172022, 0.000000000000000000 ) ) ;
#676 = PLANE ( 'NONE',  #1847 ) ;
#677 = PLANE ( 'NONE',  #992 ) ;
#678 = EDGE_LOOP ( 'NONE', ( #1145, #1954, #758, #511 ) ) ;
#679 = LINE ( 'NONE', #1427, #2265 ) ;
#680 = ORIENTED_EDGE ( 'NONE', *, *, #997, .F. ) ;
#681 = PLANE ( 'NONE',  #873 ) ;
#682 = CARTESIAN_POINT ( 'NONE',  ( -8.537074436355009510, 11.88960679608172022, 30.00000000000000000 ) ) ;
#683 = VECTOR ( 'NONE', #1045, 1000.000000000000000 ) ;
#684 = CARTESIAN_POINT ( 'NONE',  ( -13.94634142835581336, 0.000000000000000000, 30.00000000000000000 ) ) ;
#685 = STYLED_ITEM ( 'NONE', ( #2363 ), #1522 ) ;
#686 = VERTEX_POINT ( 'NONE', #1869 ) ;
#687 = EDGE_LOOP ( 'NONE', ( #1689, #578, #2308, #2173 ) ) ;
#688 =( GEOMETRIC_REPRESENTATION_CONTEXT ( 3 ) GLOBAL_UNCERTAINTY_ASSIGNED_CONTEXT ( ( #1495 ) ) GLOBAL_UNIT_ASSIGNED_CONTEXT ( ( #1359, #406, #2325 ) ) REPRESENTATION_CONTEXT ( 'NONE', 'WORKASPACE' ) );
#689 = EDGE_CURVE ( 'NONE', #1380, #1698, #394, .T. ) ;
#690 = CARTESIAN_POINT ( 'NONE',  ( -4.461725325034681333, 10.00000000000000000, 15.50000000000000000 ) ) ;
#691 =( NAMED_UNIT ( * ) PLANE_ANGLE_UNIT ( ) SI_UNIT ( $, .RADIAN. ) );
#692 = ADVANCED_FACE ( 'NONE', ( #594 ), #1707, .F. ) ;
#693 = VECTOR ( 'NONE', #101, 1000.000000000000000 ) ;
#694 = FACE_OUTER_BOUND ( 'NONE', #18, .T. ) ;
#695 = ORIENTED_EDGE ( 'NONE', *, *, #1752, .F. ) ;
#696 = VECTOR ( 'NONE', #448, 1000.000000000000000 ) ;
#697 = FACE_OUTER_BOUND ( 'NONE', #303, .T. ) ;
#698 = CARTESIAN_POINT ( 'NONE',  ( -0.4999999999999993339, -4.000000000000000000, 32.10000000000000142 ) ) ;
#699 = CARTESIAN_POINT ( 'NONE',  ( 13.05365857164418664, 0.000000000000000000, 0.000000000000000000 ) ) ;
#700 = DIRECTION ( 'NONE',  ( -2.168404344971008868E-16, 0.000000000000000000, 1.000000000000000000 ) ) ;
#701 = VECTOR ( 'NONE', #1297, 1000.000000000000000 ) ;
#702 = PLANE ( 'NONE',  #2335 ) ;
#703 = ORIENTED_EDGE ( 'NONE', *, *, #750, .F. ) ;
#704 = EDGE_LOOP ( 'NONE', ( #1321, #1982, #2090, #908 ) ) ;
#705 = VECTOR ( 'NONE', #119, 1000.000000000000000 ) ;
#706 = LINE ( 'NONE', #1424, #1609 ) ;
#707 = VECTOR ( 'NONE', #905, 1000.000000000000000 ) ;
#708 = VERTEX_POINT ( 'NONE', #956 ) ;
#709 = CARTESIAN_POINT ( 'NONE',  ( 2.039999999999997371, 9.415236256020255823, 32.10000000000000142 ) ) ;
#710 = ADVANCED_FACE ( 'NONE', ( #348 ), #1114, .F. ) ;
#711 = VERTEX_POINT ( 'NONE', #203 ) ;
#712 = DIRECTION ( 'NONE',  ( -0.000000000000000000, 0.000000000000000000, 1.000000000000000000 ) ) ;
#713 = DIRECTION ( 'NONE',  ( -1.000000000000000000, -2.312964634635742957E-16, -0.000000000000000000 ) ) ;
#714 = SURFACE_SIDE_STYLE ('',( #1055 ) ) ;
#715 = CARTESIAN_POINT ( 'NONE',  ( -4.461725325034680445, 8.500000000000000000, 15.50000000000000000 ) ) ;
#716 = ORIENTED_EDGE ( 'NONE', *, *, #121, .T. ) ;
#717 = MECHANICAL_DESIGN_GEOMETRIC_PRESENTATION_REPRESENTATION (  '', ( #1746 ), #2400 ) ;
#718 = ORIENTED_EDGE ( 'NONE', *, *, #973, .F. ) ;
#719 = ADVANCED_FACE ( 'NONE', ( #968 ), #757, .T. ) ;
#720 = PLANE ( 'NONE',  #1795 ) ;
#721 = APPLICATION_PROTOCOL_DEFINITION ( 'draft international standard', 'automotive_design', 1998, #1284 ) ;
#722 = ADVANCED_FACE ( 'NONE', ( #840 ), #2302, .F. ) ;
#723 = DIRECTION ( 'NONE',  ( 0.000000000000000000, -1.000000000000000000, 0.000000000000000000 ) ) ;
#724 = CARTESIAN_POINT ( 'NONE',  ( -13.94634142835581336, 23.99999999999999289, 0.000000000000000000 ) ) ;
#725 = VECTOR ( 'NONE', #332, 1000.000000000000000 ) ;
#726 = CARTESIAN_POINT ( 'NONE',  ( 4.093371642325966064, 5.500000000000000888, 31.13164631729128473 ) ) ;
#727 = CARTESIAN_POINT ( 'NONE',  ( 3.164605178993667778, 23.99999999999999645, 30.00000000000000000 ) ) ;
#728 =( GEOMETRIC_REPRESENTATION_CONTEXT ( 3 ) GLOBAL_UNCERTAINTY_ASSIGNED_CONTEXT ( ( #553 ) ) GLOBAL_UNIT_ASSIGNED_CONTEXT ( ( #1504, #1704, #766 ) ) REPRESENTATION_CONTEXT ( 'NONE', 'WORKASPACE' ) );
#729 = ORIENTED_EDGE ( 'NONE', *, *, #1776, .F. ) ;
#730 = VECTOR ( 'NONE', #646, 1000.000000000000000 ) ;
#731 = VECTOR ( 'NONE', #999, 1000.000000000000000 ) ;
#732 = CARTESIAN_POINT ( 'NONE',  ( -15.00000000000000000, 23.99999999999999289, 30.00000000000000000 ) ) ;
#733 = MECHANICAL_DESIGN_GEOMETRIC_PRESENTATION_REPRESENTATION (  '', ( #1366 ), #2116 ) ;
#734 = PLANE ( 'NONE',  #638 ) ;
#735 =( GEOMETRIC_REPRESENTATION_CONTEXT ( 3 ) GLOBAL_UNCERTAINTY_ASSIGNED_CONTEXT ( ( #1193 ) ) GLOBAL_UNIT_ASSIGNED_CONTEXT ( ( #1557, #834, #1961 ) ) REPRESENTATION_CONTEXT ( 'NONE', 'WORKASPACE' ) );
#736 = LINE ( 'NONE', #1120, #371 ) ;
#737 = FILL_AREA_STYLE ('',( #1290 ) ) ;
#738 = FILL_AREA_STYLE ('',( #345 ) ) ;
#739 =( NAMED_UNIT ( * ) SI_UNIT ( $, .STERADIAN. ) SOLID_ANGLE_UNIT ( ) );
#740 = CARTESIAN_POINT ( 'NONE',  ( 2.039999999999997371, 9.415236256020255823, 31.50000000000000000 ) ) ;
#741 = VECTOR ( 'NONE', #1044, 1000.000000000000000 ) ;
#742 = EDGE_LOOP ( 'NONE', ( #2040, #1811, #548, #1868 ) ) ;
#743 = PRESENTATION_STYLE_ASSIGNMENT (( #794 ) ) ;
#744 = PRESENTATION_LAYER_ASSIGNMENT (  '', '', ( #1933 ) ) ;
#745 = EDGE_CURVE ( 'NONE', #460, #414, #819, .T. ) ;
#746 = ORIENTED_EDGE ( 'NONE', *, *, #143, .F. ) ;
#747 = VERTEX_POINT ( 'NONE', #1223 ) ;
#748 = EDGE_CURVE ( 'NONE', #1724, #1293, #1957, .T. ) ;
#749 = DIRECTION ( 'NONE',  ( -0.000000000000000000, -0.000000000000000000, 1.000000000000000000 ) ) ;
#750 = EDGE_CURVE ( 'NONE', #1696, #1118, #654, .T. ) ;
#751 = DIRECTION ( 'NONE',  ( -6.465497300497888561E-17, 1.000000000000000000, -0.000000000000000000 ) ) ;
#752 = DIRECTION ( 'NONE',  ( -0.000000000000000000, 1.000000000000000000, -0.000000000000000000 ) ) ;
#753 = DIRECTION ( 'NONE',  ( 0.000000000000000000, -1.000000000000000000, 0.000000000000000000 ) ) ;
#754 = VECTOR ( 'NONE', #713, 1000.000000000000000 ) ;
#755 = ORIENTED_EDGE ( 'NONE', *, *, #2113, .T. ) ;
#756 = VERTEX_POINT ( 'NONE', #806 ) ;
#757 = PLANE ( 'NONE',  #246 ) ;
#758 = ORIENTED_EDGE ( 'NONE', *, *, #1870, .F. ) ;
#759 =( LENGTH_UNIT ( ) NAMED_UNIT ( * ) SI_UNIT ( .MILLI., .METRE. ) );
#760 = CARTESIAN_POINT ( 'NONE',  ( -4.461725325034680445, 8.500000000000000000, 31.50000000000000000 ) ) ;
#761 = EDGE_LOOP ( 'NONE', ( #2253, #1760, #2112, #1828 ) ) ;
#762 = DIRECTION ( 'NONE',  ( 0.000000000000000000, 1.000000000000000000, 0.000000000000000000 ) ) ;
#763 = DIRECTION ( 'NONE',  ( 0.000000000000000000, -0.000000000000000000, -1.000000000000000000 ) ) ;
#764 = VERTEX_POINT ( 'NONE', #1016 ) ;
#765 = LINE ( 'NONE', #551, #1771 ) ;
#766 =( NAMED_UNIT ( * ) SI_UNIT ( $, .STERADIAN. ) SOLID_ANGLE_UNIT ( ) );
#767 = CARTESIAN_POINT ( 'NONE',  ( 2.039999999999997371, 9.415236256020255823, 31.50000000000000000 ) ) ;
#768 = VECTOR ( 'NONE', #1660, 1000.000000000000000 ) ;
#769 = ORIENTED_EDGE ( 'NONE', *, *, #2083, .F. ) ;
#770 = VECTOR ( 'NONE', #1630, 1000.000000000000000 ) ;
#771 = DIRECTION ( 'NONE',  ( -1.000000000000000000, 0.000000000000000000, -0.000000000000000000 ) ) ;
#772 = AXIS2_PLACEMENT_3D ( 'NONE', #27, #1767, #977 ) ;
#773 = ORIENTED_EDGE ( 'NONE', *, *, #1373, .T. ) ;
#774 = AXIS2_PLACEMENT_3D ( 'NONE', #1774, #641, #1761 ) ;
#775 = LINE ( 'NONE', #2249, #861 ) ;
#776 = DIRECTION ( 'NONE',  ( -1.000000000000000000, 0.000000000000000000, -0.000000000000000000 ) ) ;
#777 = STYLED_ITEM ( 'NONE', ( #1860 ), #500 ) ;
#778 = DIRECTION ( 'NONE',  ( 1.000000000000000000, 0.000000000000000000, 0.000000000000000000 ) ) ;
#779 = DIRECTION ( 'NONE',  ( -0.000000000000000000, -0.000000000000000000, -1.000000000000000000 ) ) ;
#780 = CARTESIAN_POINT ( 'NONE',  ( 13.05365857164418664, 13.32471844702070918, 0.000000000000000000 ) ) ;
#781 = VECTOR ( 'NONE', #1856, 1000.000000000000000 ) ;
#782 = ORIENTED_EDGE ( 'NONE', *, *, #1807, .F. ) ;
#783 = UNCERTAINTY_MEASURE_WITH_UNIT (LENGTH_MEASURE( 1.000000000000000082E-05 ), #2211, 'distance_accuracy_value', 'NONE');
#784 = ORIENTED_EDGE ( 'NONE', *, *, #290, .F. ) ;
#785 = VECTOR ( 'NONE', #219, 1000.000000000000000 ) ;
#786 = ADVANCED_FACE ( 'NONE', ( #2327 ), #1745, .F. ) ;
#787 = LINE ( 'NONE', #1575, #231 ) ;
#788 = ORIENTED_EDGE ( 'NONE', *, *, #1608, .T. ) ;
#789 = LINE ( 'NONE', #399, #785 ) ;
#790 = CARTESIAN_POINT ( 'NONE',  ( -14.99999999999999822, 0.000000000000000000, 30.00000000000000000 ) ) ;
#791 = CARTESIAN_POINT ( 'NONE',  ( 2.039999999999997371, 9.415236256020255823, 32.10000000000000142 ) ) ;
#792 = PRESENTATION_STYLE_ASSIGNMENT (( #59 ) ) ;
#793 = EDGE_CURVE ( 'NONE', #856, #1462, #619, .T. ) ;
#794 = SURFACE_STYLE_USAGE ( .BOTH. , #2264 ) ;
#795 =( GEOMETRIC_REPRESENTATION_CONTEXT ( 3 ) GLOBAL_UNCERTAINTY_ASSIGNED_CONTEXT ( ( #605 ) ) GLOBAL_UNIT_ASSIGNED_CONTEXT ( ( #2033, #1699, #370 ) ) REPRESENTATION_CONTEXT ( 'NONE', 'WORKASPACE' ) );
#796 = LINE ( 'NONE', #569, #357 ) ;
#797 = CARTESIAN_POINT ( 'NONE',  ( 13.05365857164418664, 13.32471844702070918, 0.000000000000000000 ) ) ;
#798 = EDGE_LOOP ( 'NONE', ( #1162, #782, #392, #567 ) ) ;
#799 = SURFACE_STYLE_FILL_AREA ( #2284 ) ;
#800 = SURFACE_STYLE_FILL_AREA ( #245 ) ;
#801 = EDGE_CURVE ( 'NONE', #1950, #2395, #444, .T. ) ;
#802 = DIRECTION ( 'NONE',  ( -0.000000000000000000, -1.000000000000000000, -0.000000000000000000 ) ) ;
#803 = SURFACE_SIDE_STYLE ('',( #636 ) ) ;
#804 = CARTESIAN_POINT ( 'NONE',  ( -4.093371642325966953, 5.500000000000000888, 31.50000000000000000 ) ) ;
#805 = ORIENTED_EDGE ( 'NONE', *, *, #904, .T. ) ;
#806 = CARTESIAN_POINT ( 'NONE',  ( -8.537074436355009510, 23.99999999999999289, 30.00000000000000000 ) ) ;
#807 = ORIENTED_EDGE ( 'NONE', *, *, #841, .F. ) ;
#808 = DIRECTION ( 'NONE',  ( 7.228014483236695816E-17, 1.000000000000000000, -0.000000000000000000 ) ) ;
#809 = COLOUR_RGB ( '',0.2509803921568627416, 0.2509803921568627416, 0.2509803921568627416 ) ;
#810 = CARTESIAN_POINT ( 'NONE',  ( 8.242692559239324979, 23.99999999999999645, 0.000000000000000000 ) ) ;
#811 = VECTOR ( 'NONE', #753, 1000.000000000000000 ) ;
#812 = ORIENTED_EDGE ( 'NONE', *, *, #841, .T. ) ;
#813 = ADVANCED_FACE ( 'NONE', ( #1843 ), #886, .F. ) ;
#814 = DIRECTION ( 'NONE',  ( 2.312964634635742957E-16, -1.000000000000000000, 0.000000000000000000 ) ) ;
#815 = MECHANICAL_DESIGN_GEOMETRIC_PRESENTATION_REPRESENTATION (  '', ( #1035 ), #1960 ) ;
#816 = CARTESIAN_POINT ( 'NONE',  ( 0.000000000000000000, 24.00000000000000000, 18.50000000000000000 ) ) ;
#817 = FILL_AREA_STYLE_COLOUR ( '', #1638 ) ;
#818 = ORIENTED_EDGE ( 'NONE', *, *, #2096, .F. ) ;
#819 = LINE ( 'NONE', #1194, #44 ) ;
#820 = ORIENTED_EDGE ( 'NONE', *, *, #121, .F. ) ;
#821 = CARTESIAN_POINT ( 'NONE',  ( 15.00000000000000000, 24.00000000000000000, 0.000000000000000000 ) ) ;
#822 = AXIS2_PLACEMENT_3D ( 'NONE', #364, #1154, #1697 ) ;
#823 = ADVANCED_FACE ( 'NONE', ( #1659 ), #676, .F. ) ;
#824 = AXIS2_PLACEMENT_3D ( 'NONE', #2356, #1422, #2177 ) ;
#825 = ORIENTED_EDGE ( 'NONE', *, *, #1890, .T. ) ;
#826 = CARTESIAN_POINT ( 'NONE',  ( 2.281459547646601305, 23.99999999999999645, 0.000000000000000000 ) ) ;
#827 = AXIS2_PLACEMENT_3D ( 'NONE', #2310, #1740, #1729 ) ;
#828 = CARTESIAN_POINT ( 'NONE',  ( 9.125838190586391008, 13.32471844702070918, 30.00000000000000000 ) ) ;
#829 = CARTESIAN_POINT ( 'NONE',  ( -0.4999999999999993339, 9.415236256020255823, 31.50000000000000000 ) ) ;
#830 = CARTESIAN_POINT ( 'NONE',  ( 2.039999999999997371, -4.000000000000000000, 32.10000000000000142 ) ) ;
#831 = ORIENTED_EDGE ( 'NONE', *, *, #50, .T. ) ;
#832 = EDGE_CURVE ( 'NONE', #2395, #1298, #522, .T. ) ;
#833 = UNCERTAINTY_MEASURE_WITH_UNIT (LENGTH_MEASURE( 1.000000000000000082E-05 ), #1539, 'distance_accuracy_value', 'NONE');
#834 =( NAMED_UNIT ( * ) PLANE_ANGLE_UNIT ( ) SI_UNIT ( $, .RADIAN. ) );
#835 = VERTEX_POINT ( 'NONE', #1281 ) ;
#836 = SURFACE_STYLE_USAGE ( .BOTH. , #975 ) ;
#837 = FILL_AREA_STYLE ('',( #1994 ) ) ;
#838 = FILL_AREA_STYLE_COLOUR ( '', #1042 ) ;
#839 = SURFACE_SIDE_STYLE ('',( #979 ) ) ;
#840 = FACE_OUTER_BOUND ( 'NONE', #1854, .T. ) ;
#841 = EDGE_CURVE ( 'NONE', #1511, #988, #1268, .T. ) ;
#842 = ORIENTED_EDGE ( 'NONE', *, *, #658, .F. ) ;
#843 = ORIENTED_EDGE ( 'NONE', *, *, #1993, .T. ) ;
#844 = LINE ( 'NONE', #2341, #2097 ) ;
#845 = PRESENTATION_LAYER_ASSIGNMENT (  '', '', ( #1797 ) ) ;
#846 = SURFACE_STYLE_FILL_AREA ( #1641 ) ;
#847 = PRESENTATION_LAYER_ASSIGNMENT (  '', '', ( #526 ) ) ;
#848 = DIRECTION ( 'NONE',  ( 1.000000000000000000, 0.000000000000000000, 0.000000000000000000 ) ) ;
#849 = CARTESIAN_POINT ( 'NONE',  ( 3.164605178993673107, 12.00000000000000000, 0.000000000000000000 ) ) ;
#850 = VECTOR ( 'NONE', #2122, 1000.000000000000000 ) ;
#851 = ORIENTED_EDGE ( 'NONE', *, *, #1987, .T. ) ;
#852 = UNCERTAINTY_MEASURE_WITH_UNIT (LENGTH_MEASURE( 1.000000000000000082E-05 ), #171, 'distance_accuracy_value', 'NONE');
#853 = VECTOR ( 'NONE', #2104, 1000.000000000000000 ) ;
#854 = ORIENTED_EDGE ( 'NONE', *, *, #871, .T. ) ;
#855 = EDGE_CURVE ( 'NONE', #2328, #2151, #706, .T. ) ;
#856 = VERTEX_POINT ( 'NONE', #2360 ) ;
#857 = EDGE_CURVE ( 'NONE', #1324, #2098, #2392, .T. ) ;
#858 = VECTOR ( 'NONE', #508, 1000.000000000000000 ) ;
#859 = CARTESIAN_POINT ( 'NONE',  ( -8.537074436355009510, 11.88960679608172022, 0.000000000000000000 ) ) ;
#860 = SURFACE_STYLE_USAGE ( .BOTH. , #879 ) ;
#861 = VECTOR ( 'NONE', #749, 1000.000000000000000 ) ;
#862 = LINE ( 'NONE', #1853, #2034 ) ;
#863 = DIRECTION ( 'NONE',  ( 0.000000000000000000, 1.000000000000000000, 0.000000000000000000 ) ) ;
#864 =( LENGTH_UNIT ( ) NAMED_UNIT ( * ) SI_UNIT ( .MILLI., .METRE. ) );
#865 = EDGE_LOOP ( 'NONE', ( #1169, #1026, #1428, #1391 ) ) ;
#866 = CARTESIAN_POINT ( 'NONE',  ( -3.040000000000000036, 9.415236256020255823, 32.10000000000000142 ) ) ;
#867 = ORIENTED_EDGE ( 'NONE', *, *, #748, .F. ) ;
#868 = STYLED_ITEM ( 'NONE', ( #2056 ), #2408 ) ;
#869 = SURFACE_STYLE_USAGE ( .BOTH. , #93 ) ;
#870 = LINE ( 'NONE', #1230, #770 ) ;
#871 = EDGE_CURVE ( 'NONE', #460, #2197, #1818, .T. ) ;
#872 = ORIENTED_EDGE ( 'NONE', *, *, #2317, .F. ) ;
#873 = AXIS2_PLACEMENT_3D ( 'NONE', #1431, #2187, #487 ) ;
#874 = CARTESIAN_POINT ( 'NONE',  ( -2.040000000000000036, 9.415236256020255823, 31.50000000000000000 ) ) ;
#875 = ORIENTED_EDGE ( 'NONE', *, *, #1334, .T. ) ;
#876 = LINE ( 'NONE', #483, #2342 ) ;
#877 = VERTEX_POINT ( 'NONE', #690 ) ;
#878 = LINE ( 'NONE', #661, #1050 ) ;
#879 = SURFACE_SIDE_STYLE ('',( #846 ) ) ;
#880 =( NAMED_UNIT ( * ) SI_UNIT ( $, .STERADIAN. ) SOLID_ANGLE_UNIT ( ) );
#881 = AXIS2_PLACEMENT_3D ( 'NONE', #132, #2216, #1056 ) ;
#882 = DIRECTION ( 'NONE',  ( 1.000000000000000000, 0.000000000000000000, 0.000000000000000000 ) ) ;
#883 = MECHANICAL_DESIGN_GEOMETRIC_PRESENTATION_REPRESENTATION (  '', ( #1317 ), #193 ) ;
#884 = ORIENTED_EDGE ( 'NONE', *, *, #2099, .T. ) ;
#885 = VECTOR ( 'NONE', #2330, 1000.000000000000000 ) ;
#886 = PLANE ( 'NONE',  #930 ) ;
#887 = EDGE_CURVE ( 'NONE', #139, #1744, #1646, .T. ) ;
#888 = ORIENTED_EDGE ( 'NONE', *, *, #1299, .F. ) ;
#889 = DIRECTION ( 'NONE',  ( -0.000000000000000000, -0.000000000000000000, -1.000000000000000000 ) ) ;
#890 = PRESENTATION_LAYER_ASSIGNMENT (  '', '', ( #408 ) ) ;
#891 = VERTEX_POINT ( 'NONE', #287 ) ;
#892 = LINE ( 'NONE', #1862, #1027 ) ;
#893 = SURFACE_STYLE_USAGE ( .BOTH. , #2007 ) ;
#894 = DIRECTION ( 'NONE',  ( 1.000000000000000000, 0.000000000000000000, 0.000000000000000000 ) ) ;
#895 = PRESENTATION_LAYER_ASSIGNMENT (  '', '', ( #2417 ) ) ;
#896 = PRESENTATION_STYLE_ASSIGNMENT (( #120 ) ) ;
#897 = ADVANCED_FACE ( 'NONE', ( #1231 ), #1256, .F. ) ;
#898 = ORIENTED_EDGE ( 'NONE', *, *, #480, .T. ) ;
#899 = VECTOR ( 'NONE', #159, 1000.000000000000000 ) ;
#900 = CARTESIAN_POINT ( 'NONE',  ( -4.231739483538040858, 23.99999999999999289, 0.000000000000000000 ) ) ;
#901 = CARTESIAN_POINT ( 'NONE',  ( -2.039999999999999591, 8.500000000000000000, 31.50000000000000000 ) ) ;
#902 = ORIENTED_EDGE ( 'NONE', *, *, #887, .F. ) ;
#903 = VECTOR ( 'NONE', #220, 1000.000000000000000 ) ;
#904 = EDGE_CURVE ( 'NONE', #1650, #1722, #1058, .T. ) ;
#905 = DIRECTION ( 'NONE',  ( -0.000000000000000000, -0.000000000000000000, 1.000000000000000000 ) ) ;
#906 = CARTESIAN_POINT ( 'NONE',  ( 0.000000000000000000, 13.43511165093909376, 18.50000000000000000 ) ) ;
#907 = ORIENTED_EDGE ( 'NONE', *, *, #360, .F. ) ;
#908 = ORIENTED_EDGE ( 'NONE', *, *, #745, .T. ) ;
#909 = FACE_OUTER_BOUND ( 'NONE', #2209, .T. ) ;
#910 =( LENGTH_UNIT ( ) NAMED_UNIT ( * ) SI_UNIT ( .MILLI., .METRE. ) );
#911 = VERTEX_POINT ( 'NONE', #1986 ) ;
#912 = DIRECTION ( 'NONE',  ( 1.000000000000000000, 0.000000000000000000, 0.000000000000000000 ) ) ;
#913 = CARTESIAN_POINT ( 'NONE',  ( -0.4999999999999993339, 9.415236256020255823, 31.50000000000000000 ) ) ;
#914 = FILL_AREA_STYLE ('',( #1893 ) ) ;
#915 = DIRECTION ( 'NONE',  ( 0.000000000000000000, -1.000000000000000000, 0.000000000000000000 ) ) ;
#916 = ORIENTED_EDGE ( 'NONE', *, *, #1107, .T. ) ;
#917 = DIRECTION ( 'NONE',  ( 1.000000000000000000, 0.000000000000000000, 0.000000000000000000 ) ) ;
#918 = LINE ( 'NONE', #953, #899 ) ;
#919 = CARTESIAN_POINT ( 'NONE',  ( -0.4999999999999993339, 9.415236256020255823, 31.50000000000000000 ) ) ;
#920 = STYLED_ITEM ( 'NONE', ( #1566 ), #1873 ) ;
#921 = ORIENTED_EDGE ( 'NONE', *, *, #1100, .T. ) ;
#922 = ADVANCED_FACE ( 'NONE', ( #2348 ), #666, .F. ) ;
#923 = VECTOR ( 'NONE', #233, 1000.000000000000000 ) ;
#924 = ORIENTED_EDGE ( 'NONE', *, *, #2438, .F. ) ;
#925 = CARTESIAN_POINT ( 'NONE',  ( -13.94634142835581336, 13.32471844702070918, 30.00000000000000000 ) ) ;
#926 = DIRECTION ( 'NONE',  ( -1.000000000000000000, -0.000000000000000000, -0.000000000000000000 ) ) ;
#927 = EDGE_LOOP ( 'NONE', ( #1915, #242, #657, #133 ) ) ;
#928 = DIRECTION ( 'NONE',  ( 0.000000000000000000, 0.000000000000000000, 1.000000000000000000 ) ) ;
#929 = CARTESIAN_POINT ( 'NONE',  ( -13.94634142835581336, 0.000000000000000000, 0.000000000000000000 ) ) ;
#930 = AXIS2_PLACEMENT_3D ( 'NONE', #310, #863, #1439 ) ;
#931 = CARTESIAN_POINT ( 'NONE',  ( 3.039999999999997371, 9.415236256020255823, 32.10000000000000142 ) ) ;
#932 = LINE ( 'NONE', #2275, #811 ) ;
#933 = EDGE_LOOP ( 'NONE', ( #528, #1772, #1112, #2119 ) ) ;
#934 = AXIS2_PLACEMENT_3D ( 'NONE', #645, #1419, #669 ) ;
#935 = SURFACE_STYLE_USAGE ( .BOTH. , #971 ) ;
#936 = SURFACE_STYLE_USAGE ( .BOTH. , #2237 ) ;
#937 = SURFACE_STYLE_FILL_AREA ( #168 ) ;
#938 = ORIENTED_EDGE ( 'NONE', *, *, #2065, .F. ) ;
#939 = CARTESIAN_POINT ( 'NONE',  ( 0.5000000000000005551, 9.415236256020255823, 32.10000000000000142 ) ) ;
#940 = EDGE_CURVE ( 'NONE', #988, #1744, #918, .T. ) ;
#941 = LINE ( 'NONE', #1315, #1560 ) ;
#942 = SURFACE_STYLE_USAGE ( .BOTH. , #173 ) ;
#943 = EDGE_CURVE ( 'NONE', #756, #161, #187, .T. ) ;
#944 = FACE_OUTER_BOUND ( 'NONE', #865, .T. ) ;
#945 = ORIENTED_EDGE ( 'NONE', *, *, #130, .T. ) ;
#946 = UNCERTAINTY_MEASURE_WITH_UNIT (LENGTH_MEASURE( 1.000000000000000082E-05 ), #957, 'distance_accuracy_value', 'NONE');
#947 = CARTESIAN_POINT ( 'NONE',  ( -8.537074436355009510, 23.99999999999999289, 0.000000000000000000 ) ) ;
#948 = CARTESIAN_POINT ( 'NONE',  ( 2.281459547646601305, 23.99999999999999645, 0.000000000000000000 ) ) ;
#949 = DIRECTION ( 'NONE',  ( -1.000000000000000000, -2.312964634635742957E-16, -0.000000000000000000 ) ) ;
#950 = VERTEX_POINT ( 'NONE', #1899 ) ;
#951 = DIRECTION ( 'NONE',  ( 0.000000000000000000, -1.000000000000000000, 0.000000000000000000 ) ) ;
#952 = DIRECTION ( 'NONE',  ( -0.000000000000000000, -0.000000000000000000, 1.000000000000000000 ) ) ;
#953 = CARTESIAN_POINT ( 'NONE',  ( 2.039999999999997371, 9.415236256020255823, 31.50000000000000000 ) ) ;
#954 = LINE ( 'NONE', #780, #1680 ) ;
#955 = ORIENTED_EDGE ( 'NONE', *, *, #502, .T. ) ;
#956 = CARTESIAN_POINT ( 'NONE',  ( -4.461725325034680445, 8.500000000000000000, 22.50000000000000000 ) ) ;
#957 =( LENGTH_UNIT ( ) NAMED_UNIT ( * ) SI_UNIT ( .MILLI., .METRE. ) );
#958 = FILL_AREA_STYLE ('',( #2118 ) ) ;
#959 = ORIENTED_EDGE ( 'NONE', *, *, #973, .T. ) ;
#960 = AXIS2_PLACEMENT_3D ( 'NONE', #1521, #1364, #1143 ) ;
#961 = CARTESIAN_POINT ( 'NONE',  ( 8.242692559239324979, 23.99999999999999645, 0.000000000000000000 ) ) ;
#962 = DIRECTION ( 'NONE',  ( 4.336808689942018722E-16, -1.000000000000000000, 0.000000000000000000 ) ) ;
#963 = DIRECTION ( 'NONE',  ( -1.000000000000000000, -0.000000000000000000, -0.000000000000000000 ) ) ;
#964 = SURFACE_STYLE_FILL_AREA ( #405 ) ;
#965 = AXIS2_PLACEMENT_3D ( 'NONE', #276, #329, #499 ) ;
#966 = VECTOR ( 'NONE', #51, 1000.000000000000000 ) ;
#967 = UNCERTAINTY_MEASURE_WITH_UNIT (LENGTH_MEASURE( 1.000000000000000082E-05 ), #759, 'distance_accuracy_value', 'NONE');
#968 = FACE_OUTER_BOUND ( 'NONE', #2431, .T. ) ;
#969 = VECTOR ( 'NONE', #2102, 1000.000000000000000 ) ;
#970 = VECTOR ( 'NONE', #1964, 1000.000000000000000 ) ;
#971 = SURFACE_SIDE_STYLE ('',( #1129 ) ) ;
#972 = PLANE ( 'NONE',  #1361 ) ;
#973 = EDGE_CURVE ( 'NONE', #2328, #1157, #2251, .T. ) ;
#974 = VERTEX_POINT ( 'NONE', #726 ) ;
#975 = SURFACE_SIDE_STYLE ('',( #799 ) ) ;
#976 =( NAMED_UNIT ( * ) SI_UNIT ( $, .STERADIAN. ) SOLID_ANGLE_UNIT ( ) );
#977 = DIRECTION ( 'NONE',  ( -0.000000000000000000, 0.000000000000000000, 1.000000000000000000 ) ) ;
#978 =( NAMED_UNIT ( * ) SI_UNIT ( $, .STERADIAN. ) SOLID_ANGLE_UNIT ( ) );
#979 = SURFACE_STYLE_FILL_AREA ( #1782 ) ;
#980 =( LENGTH_UNIT ( ) NAMED_UNIT ( * ) SI_UNIT ( .MILLI., .METRE. ) );
#981 = EDGE_CURVE ( 'NONE', #2054, #988, #765, .T. ) ;
#982 = DIRECTION ( 'NONE',  ( -0.9925461516413220942, -0.1218693434051475177, -9.565517279125759469E-17 ) ) ;
#983 = VERTEX_POINT ( 'NONE', #2075 ) ;
#984 = PLANE ( 'NONE',  #1810 ) ;
#985 =( LENGTH_UNIT ( ) NAMED_UNIT ( * ) SI_UNIT ( .MILLI., .METRE. ) );
#986 = CYLINDRICAL_SURFACE ( 'NONE', #998, 1.500000000000001332 ) ;
#987 = CARTESIAN_POINT ( 'NONE',  ( 4.330012312958525733, 7.427283600579797529, 22.63171301207615471 ) ) ;
#988 = VERTEX_POINT ( 'NONE', #2060 ) ;
#989 = PRESENTATION_STYLE_ASSIGNMENT (( #2128 ) ) ;
#990 = ORIENTED_EDGE ( 'NONE', *, *, #750, .T. ) ;
#991 = LINE ( 'NONE', #252, #445 ) ;
#992 = AXIS2_PLACEMENT_3D ( 'NONE', #1425, #2180, #478 ) ;
#993 = PRESENTATION_LAYER_ASSIGNMENT (  '', '', ( #685 ) ) ;
#994 = ORIENTED_EDGE ( 'NONE', *, *, #1617, .T. ) ;
#995 =( GEOMETRIC_REPRESENTATION_CONTEXT ( 3 ) GLOBAL_UNCERTAINTY_ASSIGNED_CONTEXT ( ( #1139 ) ) GLOBAL_UNIT_ASSIGNED_CONTEXT ( ( #985, #1780, #976 ) ) REPRESENTATION_CONTEXT ( 'NONE', 'WORKASPACE' ) );
#996 = DIRECTION ( 'NONE',  ( -0.000000000000000000, -1.000000000000000000, -0.000000000000000000 ) ) ;
#997 = EDGE_CURVE ( 'NONE', #1524, #1541, #1345, .T. ) ;
#998 = AXIS2_PLACEMENT_3D ( 'NONE', #816, #1781, #1565 ) ;
#999 = DIRECTION ( 'NONE',  ( -0.000000000000000000, 1.000000000000000000, -0.000000000000000000 ) ) ;
#1000 = DIRECTION ( 'NONE',  ( 1.000000000000000000, 0.000000000000000000, 0.000000000000000000 ) ) ;
#1001 = EDGE_CURVE ( 'NONE', #1875, #1298, #1716, .T. ) ;
#1002 = PRESENTATION_LAYER_ASSIGNMENT (  '', '', ( #78 ) ) ;
#1003 = CARTESIAN_POINT ( 'NONE',  ( -2.040000000000000036, 9.415236256020255823, 31.50000000000000000 ) ) ;
#1004 = VERTEX_POINT ( 'NONE', #1110 ) ;
#1005 = PLANE ( 'NONE',  #1369 ) ;
#1006 = SURFACE_SIDE_STYLE ('',( #509 ) ) ;
#1007 = APPLICATION_PROTOCOL_DEFINITION ( 'draft international standard', 'automotive_design', 1998, #1408 ) ;
#1008 = ORIENTED_EDGE ( 'NONE', *, *, #1663, .F. ) ;
#1009 = LINE ( 'NONE', #826, #2196 ) ;
#1010 =( GEOMETRIC_REPRESENTATION_CONTEXT ( 3 ) GLOBAL_UNCERTAINTY_ASSIGNED_CONTEXT ( ( #2254 ) ) GLOBAL_UNIT_ASSIGNED_CONTEXT ( ( #2084, #1501, #2072 ) ) REPRESENTATION_CONTEXT ( 'NONE', 'WORKASPACE' ) );
#1011 = SURFACE_STYLE_USAGE ( .BOTH. , #1766 ) ;
#1012 = DIRECTION ( 'NONE',  ( 1.000000000000000000, 0.000000000000000000, 0.000000000000000000 ) ) ;
#1013 = CARTESIAN_POINT ( 'NONE',  ( 9.125838190586391008, 13.32471844702070918, 30.00000000000000000 ) ) ;
#1014 = FACE_OUTER_BOUND ( 'NONE', #2011, .T. ) ;
#1015 = UNCERTAINTY_MEASURE_WITH_UNIT (LENGTH_MEASURE( 1.000000000000000082E-05 ), #2416, 'distance_accuracy_value', 'NONE');
#1016 = CARTESIAN_POINT ( 'NONE',  ( -9.641006475538844711, 23.99999999999999289, 0.000000000000000000 ) ) ;
#1017 = ORIENTED_EDGE ( 'NONE', *, *, #89, .T. ) ;
#1018 = PRESENTATION_STYLE_ASSIGNMENT (( #503 ) ) ;
#1019 = PRESENTATION_STYLE_ASSIGNMENT (( #893 ) ) ;
#1020 = VERTEX_POINT ( 'NONE', #2230 ) ;
#1021 = CARTESIAN_POINT ( 'NONE',  ( 0.000000000000000000, 0.000000000000000000, 30.00000000000000000 ) ) ;
#1022 = DIRECTION ( 'NONE',  ( -1.000000000000000000, -2.312964634635742957E-16, -0.000000000000000000 ) ) ;
#1023 = ORIENTED_EDGE ( 'NONE', *, *, #2427, .F. ) ;
#1024 = EDGE_CURVE ( 'NONE', #655, #1061, #1481, .T. ) ;
#1025 = FILL_AREA_STYLE ('',( #1406 ) ) ;
#1026 = ORIENTED_EDGE ( 'NONE', *, *, #33, .T. ) ;
#1027 = VECTOR ( 'NONE', #1300, 1000.000000000000000 ) ;
#1028 = DIRECTION ( 'NONE',  ( 1.000000000000000000, 2.891205793294679312E-16, 0.000000000000000000 ) ) ;
#1029 = DIRECTION ( 'NONE',  ( -0.000000000000000000, -0.000000000000000000, 1.000000000000000000 ) ) ;
#1030 = MECHANICAL_DESIGN_GEOMETRIC_PRESENTATION_REPRESENTATION (  '', ( #1555 ), #1316 ) ;
#1031 = CARTESIAN_POINT ( 'NONE',  ( -4.461725325034680445, 8.500000000000000000, 15.50000000000000000 ) ) ;
#1032 = MECHANICAL_DESIGN_GEOMETRIC_PRESENTATION_REPRESENTATION (  '', ( #352 ), #995 ) ;
#1033 = PLANE ( 'NONE',  #495 ) ;
#1034 = LINE ( 'NONE', #466, #438 ) ;
#1035 = STYLED_ITEM ( 'NONE', ( #1591 ), #293 ) ;
#1036 = DIRECTION ( 'NONE',  ( 1.000000000000000000, -0.000000000000000000, 0.000000000000000000 ) ) ;
#1037 = ADVANCED_FACE ( 'NONE', ( #909 ), #1670, .F. ) ;
#1038 = ORIENTED_EDGE ( 'NONE', *, *, #1153, .F. ) ;
#1039 = COLOUR_RGB ( '',0.2509803921568627416, 0.2509803921568627416, 0.2509803921568627416 ) ;
#1040 = EDGE_CURVE ( 'NONE', #2186, #1739, #1294, .T. ) ;
#1041 = FILL_AREA_STYLE ('',( #486 ) ) ;
#1042 = COLOUR_RGB ( '',0.2509803921568627416, 0.2509803921568627416, 0.2509803921568627416 ) ;
#1043 = DIRECTION ( 'NONE',  ( -0.000000000000000000, 0.000000000000000000, 1.000000000000000000 ) ) ;
#1044 = DIRECTION ( 'NONE',  ( -0.000000000000000000, -0.000000000000000000, -1.000000000000000000 ) ) ;
#1045 = DIRECTION ( 'NONE',  ( 0.000000000000000000, -1.000000000000000000, 0.000000000000000000 ) ) ;
#1046 = ORIENTED_EDGE ( 'NONE', *, *, #1966, .F. ) ;
#1047 = CARTESIAN_POINT ( 'NONE',  ( -3.040000000000000036, 9.415236256020255823, 32.10000000000000142 ) ) ;
#1048 = SURFACE_SIDE_STYLE ('',( #1634 ) ) ;
#1049 = LINE ( 'NONE', #2044, #1122 ) ;
#1050 = VECTOR ( 'NONE', #294, 1000.000000000000000 ) ;
#1051 = ORIENTED_EDGE ( 'NONE', *, *, #2213, .T. ) ;
#1052 = CARTESIAN_POINT ( 'NONE',  ( 13.05365857164418664, 0.000000000000000000, 0.000000000000000000 ) ) ;
#1053 = MECHANICAL_DESIGN_GEOMETRIC_PRESENTATION_REPRESENTATION (  '', ( #868 ), #795 ) ;
#1054 = DIRECTION ( 'NONE',  ( 1.000000000000000000, 0.000000000000000000, 0.000000000000000000 ) ) ;
#1055 = SURFACE_STYLE_FILL_AREA ( #2009 ) ;
#1056 = DIRECTION ( 'NONE',  ( 0.000000000000000000, -0.000000000000000000, 1.000000000000000000 ) ) ;
#1057 = ORIENTED_EDGE ( 'NONE', *, *, #2286, .T. ) ;
#1058 = LINE ( 'NONE', #1829, #491 ) ;
#1059 = ORIENTED_EDGE ( 'NONE', *, *, #1738, .F. ) ;
#1060 = DIRECTION ( 'NONE',  ( 0.000000000000000000, 0.000000000000000000, -1.000000000000000000 ) ) ;
#1061 = VERTEX_POINT ( 'NONE', #334 ) ;
#1062 = LINE ( 'NONE', #69, #1377 ) ;
#1063 = CARTESIAN_POINT ( 'NONE',  ( -15.00000000000000000, 23.99999999999999289, 30.00000000000000000 ) ) ;
#1064 = ADVANCED_BREP_SHAPE_REPRESENTATION ( 'Part1', ( #1105, #1785 ), #1225 ) ;
#1065 = DIRECTION ( 'NONE',  ( -0.000000000000000000, -0.000000000000000000, -1.000000000000000000 ) ) ;
#1066 = DIRECTION ( 'NONE',  ( 0.000000000000000000, -0.000000000000000000, -1.000000000000000000 ) ) ;
#1067 = ADVANCED_FACE ( 'NONE', ( #145 ), #1694, .F. ) ;
#1068 = PRESENTATION_LAYER_ASSIGNMENT (  '', '', ( #2334 ) ) ;
#1069 = CARTESIAN_POINT ( 'NONE',  ( 2.281459547646601305, 23.99999999999999645, 0.000000000000000000 ) ) ;
#1070 = ORIENTED_EDGE ( 'NONE', *, *, #435, .T. ) ;
#1071 = SURFACE_STYLE_USAGE ( .BOTH. , #2025 ) ;
#1072 = ADVANCED_FACE ( 'NONE', ( #603 ), #1932, .F. ) ;
#1073 = SURFACE_STYLE_USAGE ( .BOTH. , #1048 ) ;
#1074 = VECTOR ( 'NONE', #2273, 1000.000000000000000 ) ;
#1075 = EDGE_LOOP ( 'NONE', ( #2433, #1248, #105, #1188 ) ) ;
#1076 = VECTOR ( 'NONE', #1905, 1000.000000000000000 ) ;
#1077 = DIRECTION ( 'NONE',  ( 0.000000000000000000, -0.000000000000000000, -1.000000000000000000 ) ) ;
#1078 = ORIENTED_EDGE ( 'NONE', *, *, #2165, .F. ) ;
#1079 = VECTOR ( 'NONE', #1518, 1000.000000000000000 ) ;
#1080 = FACE_OUTER_BOUND ( 'NONE', #1576, .T. ) ;
#1081 = DIRECTION ( 'NONE',  ( -1.000000000000000000, -0.000000000000000000, -0.000000000000000000 ) ) ;
#1082 = MECHANICAL_DESIGN_GEOMETRIC_PRESENTATION_REPRESENTATION (  '', ( #2155 ), #1970 ) ;
#1083 = LINE ( 'NONE', #939, #1173 ) ;
#1084 = PRESENTATION_LAYER_ASSIGNMENT (  '', '', ( #583 ) ) ;
#1085 = CARTESIAN_POINT ( 'NONE',  ( 3.164605178993673107, 12.00000000000000000, 0.000000000000000000 ) ) ;
#1086 = AXIS2_PLACEMENT_3D ( 'NONE', #633, #1341, #56 ) ;
#1087 = LINE ( 'NONE', #1898, #198 ) ;
#1088 = DIRECTION ( 'NONE',  ( -1.000000000000000000, -4.336808689942019215E-16, 0.000000000000000000 ) ) ;
#1089 = ORIENTED_EDGE ( 'NONE', *, *, #1617, .F. ) ;
#1090 = CARTESIAN_POINT ( 'NONE',  ( 4.461725325034676892, 10.00000000000000000, 31.50000000000000000 ) ) ;
#1091 = ORIENTED_EDGE ( 'NONE', *, *, #571, .F. ) ;
#1092 = CARTESIAN_POINT ( 'NONE',  ( 9.125838190586391008, 24.00000000000000000, 0.000000000000000000 ) ) ;
#1093 = CARTESIAN_POINT ( 'NONE',  ( -8.537074436355009510, 23.99999999999999289, 30.00000000000000000 ) ) ;
#1094 = CARTESIAN_POINT ( 'NONE',  ( 9.125838190586391008, 13.32471844702070918, 0.000000000000000000 ) ) ;
#1095 = CARTESIAN_POINT ( 'NONE',  ( 15.00000000000000000, 24.00000000000000000, 30.00000000000000000 ) ) ;
#1096 = EDGE_CURVE ( 'NONE', #2243, #5, #223, .T. ) ;
#1097 = ORIENTED_EDGE ( 'NONE', *, *, #2242, .F. ) ;
#1098 = ORIENTED_EDGE ( 'NONE', *, *, #1515, .F. ) ;
#1099 = CARTESIAN_POINT ( 'NONE',  ( 4.461725325034680445, 8.500000000000000000, 15.50000000000000178 ) ) ;
#1100 = EDGE_CURVE ( 'NONE', #1020, #161, #213, .T. ) ;
#1101 = ORIENTED_EDGE ( 'NONE', *, *, #402, .F. ) ;
#1102 = DIRECTION ( 'NONE',  ( -7.228014483236698281E-17, 1.000000000000000000, 0.000000000000000000 ) ) ;
#1103 = LINE ( 'NONE', #760, #2290 ) ;
#1104 = ORIENTED_EDGE ( 'NONE', *, *, #832, .F. ) ;
#1105 = MANIFOLD_SOLID_BREP ( 'Boss-Extrude4', #403 ) ;
#1106 = CARTESIAN_POINT ( 'NONE',  ( -4.231739483538040858, 23.99999999999999289, 30.00000000000000000 ) ) ;
#1107 = EDGE_CURVE ( 'NONE', #1182, #501, #429, .T. ) ;
#1108 = SURFACE_SIDE_STYLE ('',( #1307 ) ) ;
#1109 =( GEOMETRIC_REPRESENTATION_CONTEXT ( 3 ) GLOBAL_UNCERTAINTY_ASSIGNED_CONTEXT ( ( #261 ) ) GLOBAL_UNIT_ASSIGNED_CONTEXT ( ( #910, #2393, #1819 ) ) REPRESENTATION_CONTEXT ( 'NONE', 'WORKASPACE' ) );
#1110 = CARTESIAN_POINT ( 'NONE',  ( 0.000000000000000000, 10.00000000000000000, 16.99999999999999645 ) ) ;
#1111 = AXIS2_PLACEMENT_3D ( 'NONE', #849, #2110, #650 ) ;
#1112 = ORIENTED_EDGE ( 'NONE', *, *, #538, .F. ) ;
#1113 = UNCERTAINTY_MEASURE_WITH_UNIT (LENGTH_MEASURE( 1.000000000000000082E-05 ), #1206, 'distance_accuracy_value', 'NONE');
#1114 = PLANE ( 'NONE',  #822 ) ;
#1115 = COLOUR_RGB ( '',0.2509803921568627416, 0.2509803921568627416, 0.2509803921568627416 ) ;
#1116 = ORIENTED_EDGE ( 'NONE', *, *, #793, .T. ) ;
#1117 = CARTESIAN_POINT ( 'NONE',  ( -3.238200648272584914, 23.99999999999999645, 30.00000000000000000 ) ) ;
#1118 = VERTEX_POINT ( 'NONE', #1013 ) ;
#1119 = EDGE_CURVE ( 'NONE', #2059, #1270, #1229, .T. ) ;
#1120 = CARTESIAN_POINT ( 'NONE',  ( 3.164605178993673107, 12.00000000000000000, 0.000000000000000000 ) ) ;
#1121 = LINE ( 'NONE', #1895, #36 ) ;
#1122 = VECTOR ( 'NONE', #2361, 1000.000000000000000 ) ;
#1123 = STYLED_ITEM ( 'NONE', ( #1417 ), #897 ) ;
#1124 = PRESENTATION_STYLE_ASSIGNMENT (( #1540 ) ) ;
#1125 = VECTOR ( 'NONE', #700, 1000.000000000000000 ) ;
#1126 = EDGE_LOOP ( 'NONE', ( #1685, #151, #620, #2405 ) ) ;
#1127 = FILL_AREA_STYLE ('',( #176 ) ) ;
#1128 = AXIS2_PLACEMENT_3D ( 'NONE', #599, #611, #2296 ) ;
#1129 = SURFACE_STYLE_FILL_AREA ( #1838 ) ;
#1130 = DIRECTION ( 'NONE',  ( 1.000000000000000000, -0.000000000000000000, -0.000000000000000000 ) ) ;
#1131 = SURFACE_SIDE_STYLE ('',( #1312 ) ) ;
#1132 = ORIENTED_EDGE ( 'NONE', *, *, #257, .F. ) ;
#1133 = SURFACE_STYLE_USAGE ( .BOTH. , #1330 ) ;
#1134 = LINE ( 'NONE', #1681, #77 ) ;
#1135 = ORIENTED_EDGE ( 'NONE', *, *, #2252, .T. ) ;
#1136 = CARTESIAN_POINT ( 'NONE',  ( -4.461725325034680445, 8.500000000000000000, 31.50000000000000000 ) ) ;
#1137 = VECTOR ( 'NONE', #1863, 1000.000000000000000 ) ;
#1138 = VERTEX_POINT ( 'NONE', #506 ) ;
#1139 = UNCERTAINTY_MEASURE_WITH_UNIT (LENGTH_MEASURE( 1.000000000000000082E-05 ), #985, 'distance_accuracy_value', 'NONE');
#1140 = ORIENTED_EDGE ( 'NONE', *, *, #1597, .T. ) ;
#1141 =( LENGTH_UNIT ( ) NAMED_UNIT ( * ) SI_UNIT ( .MILLI., .METRE. ) );
#1142 = ADVANCED_FACE ( 'NONE', ( #2022 ), #1465, .F. ) ;
#1143 = DIRECTION ( 'NONE',  ( 0.000000000000000000, -0.000000000000000000, 1.000000000000000000 ) ) ;
#1144 = SURFACE_SIDE_STYLE ('',( #2442 ) ) ;
#1145 = ORIENTED_EDGE ( 'NONE', *, *, #2137, .T. ) ;
#1146 =( LENGTH_UNIT ( ) NAMED_UNIT ( * ) SI_UNIT ( .MILLI., .METRE. ) );
#1147 = FACE_OUTER_BOUND ( 'NONE', #1426, .T. ) ;
#1148 = EDGE_CURVE ( 'NONE', #2186, #950, #307, .T. ) ;
#1149 = DIRECTION ( 'NONE',  ( -0.000000000000000000, 0.000000000000000000, 1.000000000000000000 ) ) ;
#1150 = FILL_AREA_STYLE_COLOUR ( '', #523 ) ;
#1151 = VERTEX_POINT ( 'NONE', #1840 ) ;
#1152 = VECTOR ( 'NONE', #23, 1000.000000000000000 ) ;
#1153 = EDGE_CURVE ( 'NONE', #1568, #891, #1804, .T. ) ;
#1154 = DIRECTION ( 'NONE',  ( 1.000000000000000000, -0.000000000000000000, 0.000000000000000000 ) ) ;
#1155 = PRESENTATION_LAYER_ASSIGNMENT (  '', '', ( #1555 ) ) ;
#1156 = ORIENTED_EDGE ( 'NONE', *, *, #263, .T. ) ;
#1157 = VERTEX_POINT ( 'NONE', #1218 ) ;
#1158 = VECTOR ( 'NONE', #588, 1000.000000000000000 ) ;
#1159 = CARTESIAN_POINT ( 'NONE',  ( -4.231739483538040858, 23.99999999999999289, 0.000000000000000000 ) ) ;
#1160 = DIRECTION ( 'NONE',  ( 1.000000000000000000, 0.000000000000000000, 0.000000000000000000 ) ) ;
#1161 = AXIS2_PLACEMENT_3D ( 'NONE', #1159, #2440, #1464 ) ;
#1162 = ORIENTED_EDGE ( 'NONE', *, *, #2210, .T. ) ;
#1163 = EDGE_CURVE ( 'NONE', #2148, #1764, #1266, .T. ) ;
#1164 = DIRECTION ( 'NONE',  ( -0.000000000000000000, -0.000000000000000000, -1.000000000000000000 ) ) ;
#1165 = LINE ( 'NONE', #613, #376 ) ;
#1166 = LINE ( 'NONE', #212, #1074 ) ;
#1167 = LINE ( 'NONE', #804, #1989 ) ;
#1168 = COLOUR_RGB ( '',0.2509803921568627416, 0.2509803921568627416, 0.2509803921568627416 ) ;
#1169 = ORIENTED_EDGE ( 'NONE', *, *, #2410, .T. ) ;
#1170 = UNCERTAINTY_MEASURE_WITH_UNIT (LENGTH_MEASURE( 1.000000000000000082E-05 ), #1544, 'distance_accuracy_value', 'NONE');
#1171 = SURFACE_STYLE_FILL_AREA ( #1506 ) ;
#1172 =( GEOMETRIC_REPRESENTATION_CONTEXT ( 3 ) GLOBAL_UNCERTAINTY_ASSIGNED_CONTEXT ( ( #833 ) ) GLOBAL_UNIT_ASSIGNED_CONTEXT ( ( #1539, #2288, #1581 ) ) REPRESENTATION_CONTEXT ( 'NONE', 'WORKASPACE' ) );
#1173 = VECTOR ( 'NONE', #1701, 1000.000000000000000 ) ;
#1174 = DIRECTION ( 'NONE',  ( 1.000000000000000000, 0.000000000000000000, 0.000000000000000000 ) ) ;
#1175 = FILL_AREA_STYLE ('',( #597 ) ) ;
#1176 = EDGE_LOOP ( 'NONE', ( #1822, #872, #2429, #297 ) ) ;
#1177 = CARTESIAN_POINT ( 'NONE',  ( 0.5000000000000005551, 9.415236256020255823, 31.50000000000000000 ) ) ;
#1178 = CARTESIAN_POINT ( 'NONE',  ( -14.99999999999999822, 0.000000000000000000, 0.000000000000000000 ) ) ;
#1179 = ADVANCED_FACE ( 'NONE', ( #1825 ), #1033, .T. ) ;
#1180 = DIRECTION ( 'NONE',  ( 0.000000000000000000, 0.000000000000000000, -1.000000000000000000 ) ) ;
#1181 = CARTESIAN_POINT ( 'NONE',  ( -15.00000000000000000, 23.99999999999999289, 0.000000000000000000 ) ) ;
#1182 = VERTEX_POINT ( 'NONE', #1604 ) ;
#1183 = DIRECTION ( 'NONE',  ( 0.000000000000000000, -0.9925461516413220942, -0.1218693434051475177 ) ) ;
#1184 = MECHANICAL_DESIGN_GEOMETRIC_PRESENTATION_REPRESENTATION (  '', ( #672 ), #510 ) ;
#1185 = VERTEX_POINT ( 'NONE', #1642 ) ;
#1186 = PLANE ( 'NONE',  #774 ) ;
#1187 = EDGE_CURVE ( 'NONE', #214, #2243, #1995, .T. ) ;
#1188 = ORIENTED_EDGE ( 'NONE', *, *, #2152, .T. ) ;
#1189 = FACE_OUTER_BOUND ( 'NONE', #704, .T. ) ;
#1190 = LINE ( 'NONE', #1952, #1579 ) ;
#1191 = FACE_OUTER_BOUND ( 'NONE', #66, .T. ) ;
#1192 = ORIENTED_EDGE ( 'NONE', *, *, #857, .F. ) ;
#1193 = UNCERTAINTY_MEASURE_WITH_UNIT (LENGTH_MEASURE( 1.000000000000000082E-05 ), #1557, 'distance_accuracy_value', 'NONE');
#1194 = CARTESIAN_POINT ( 'NONE',  ( 8.242692559239328531, 12.00000000000000000, 0.000000000000000000 ) ) ;
#1195 = ORIENTED_EDGE ( 'NONE', *, *, #1245, .F. ) ;
#1196 = DIRECTION ( 'NONE',  ( 0.000000000000000000, 0.000000000000000000, -1.000000000000000000 ) ) ;
#1197 = AXIS2_PLACEMENT_3D ( 'NONE', #1791, #1552, #616 ) ;
#1198 = VECTOR ( 'NONE', #2306, 1000.000000000000000 ) ;
#1199 = DIRECTION ( 'NONE',  ( -0.000000000000000000, -0.000000000000000000, -1.000000000000000000 ) ) ;
#1200 = EDGE_LOOP ( 'NONE', ( #347, #1535, #2418, #1613, #443, #1661, #2371, #652 ) ) ;
#1201 = ADVANCED_FACE ( 'NONE', ( #2344 ), #1618, .F. ) ;
#1202 = DIRECTION ( 'NONE',  ( -1.000000000000000000, -2.312964634635742957E-16, -0.000000000000000000 ) ) ;
#1203 = LINE ( 'NONE', #1356, #1457 ) ;
#1204 = CIRCLE ( 'NONE', #484, 1.500000000000001332 ) ;
#1205 = CARTESIAN_POINT ( 'NONE',  ( -13.94634142835581336, 10.00000000000000000, 30.00000000000000000 ) ) ;
#1206 =( LENGTH_UNIT ( ) NAMED_UNIT ( * ) SI_UNIT ( .MILLI., .METRE. ) );
#1207 = FACE_OUTER_BOUND ( 'NONE', #574, .T. ) ;
#1208 = FILL_AREA_STYLE ('',( #1947 ) ) ;
#1209 = EDGE_CURVE ( 'NONE', #12, #877, #473, .T. ) ;
#1210 = ORIENTED_EDGE ( 'NONE', *, *, #1738, .T. ) ;
#1211 = LINE ( 'NONE', #67, #1606 ) ;
#1212 = COLOUR_RGB ( '',0.2509803921568627416, 0.2509803921568627416, 0.2509803921568627416 ) ;
#1213 = PRESENTATION_LAYER_ASSIGNMENT (  '', '', ( #365 ) ) ;
#1214 = VERTEX_POINT ( 'NONE', #682 ) ;
#1215 = EDGE_CURVE ( 'NONE', #1698, #1934, #1434, .T. ) ;
#1216 = LINE ( 'NONE', #2311, #234 ) ;
#1217 = DIRECTION ( 'NONE',  ( -0.000000000000000000, 1.000000000000000000, -0.000000000000000000 ) ) ;
#1218 = CARTESIAN_POINT ( 'NONE',  ( -15.00000000000000000, 23.99999999999999289, 0.000000000000000000 ) ) ;
#1219 = EDGE_CURVE ( 'NONE', #1061, #1724, #1252, .T. ) ;
#1220 = SURFACE_SIDE_STYLE ('',( #441 ) ) ;
#1221 = ORIENTED_EDGE ( 'NONE', *, *, #1993, .F. ) ;
#1222 = UNCERTAINTY_MEASURE_WITH_UNIT (LENGTH_MEASURE( 1.000000000000000082E-05 ), #2294, 'distance_accuracy_value', 'NONE');
#1223 = CARTESIAN_POINT ( 'NONE',  ( -13.94634142835581336, 23.99999999999999289, 30.00000000000000000 ) ) ;
#1224 = ORIENTED_EDGE ( 'NONE', *, *, #89, .F. ) ;
#1225 =( GEOMETRIC_REPRESENTATION_CONTEXT ( 3 ) GLOBAL_UNCERTAINTY_ASSIGNED_CONTEXT ( ( #162 ) ) GLOBAL_UNIT_ASSIGNED_CONTEXT ( ( #1508, #1850, #181 ) ) REPRESENTATION_CONTEXT ( 'NONE', 'WORKASPACE' ) );
#1226 = DIRECTION ( 'NONE',  ( -1.000000000000000000, -2.312964634635742957E-16, -0.000000000000000000 ) ) ;
#1227 = DIRECTION ( 'NONE',  ( 0.000000000000000000, -1.000000000000000000, 0.000000000000000000 ) ) ;
#1228 = CARTESIAN_POINT ( 'NONE',  ( -3.238200648272584914, 23.99999999999999645, 0.000000000000000000 ) ) ;
#1229 = LINE ( 'NONE', #281, #705 ) ;
#1230 = CARTESIAN_POINT ( 'NONE',  ( -4.461725325034680445, 5.500000000000000888, 31.13164631729128473 ) ) ;
#1231 = FACE_OUTER_BOUND ( 'NONE', #1311, .T. ) ;
#1232 = EDGE_CURVE ( 'NONE', #1614, #1324, #374, .T. ) ;
#1233 = ORIENTED_EDGE ( 'NONE', *, *, #1343, .F. ) ;
#1234 = LINE ( 'NONE', #1259, #1372 ) ;
#1235 = VERTEX_POINT ( 'NONE', #1092 ) ;
#1236 = DIRECTION ( 'NONE',  ( 0.000000000000000000, -1.000000000000000000, 0.000000000000000000 ) ) ;
#1237 = FILL_AREA_STYLE ('',( #2018 ) ) ;
#1238 = VECTOR ( 'NONE', #1022, 1000.000000000000000 ) ;
#1239 = PLANE ( 'NONE',  #1161 ) ;
#1240 = LINE ( 'NONE', #295, #1958 ) ;
#1241 = VERTEX_POINT ( 'NONE', #355 ) ;
#1242 = VERTEX_POINT ( 'NONE', #184 ) ;
#1243 = FILL_AREA_STYLE ('',( #477 ) ) ;
#1244 = FILL_AREA_STYLE ('',( #1458 ) ) ;
#1245 = EDGE_CURVE ( 'NONE', #1138, #2043, #1083, .T. ) ;
#1246 = VERTEX_POINT ( 'NONE', #2434 ) ;
#1247 = CARTESIAN_POINT ( 'NONE',  ( 0.000000000000000000, 0.000000000000000000, 32.10000000000000142 ) ) ;
#1248 = ORIENTED_EDGE ( 'NONE', *, *, #284, .T. ) ;
#1249 =( GEOMETRIC_REPRESENTATION_CONTEXT ( 3 ) GLOBAL_UNCERTAINTY_ASSIGNED_CONTEXT ( ( #1170 ) ) GLOBAL_UNIT_ASSIGNED_CONTEXT ( ( #1544, #238, #409 ) ) REPRESENTATION_CONTEXT ( 'NONE', 'WORKASPACE' ) );
#1250 = LINE ( 'NONE', #2212, #2394 ) ;
#1251 = AXIS2_PLACEMENT_3D ( 'NONE', #156, #762, #1510 ) ;
#1252 = LINE ( 'NONE', #1453, #46 ) ;
#1253 = CARTESIAN_POINT ( 'NONE',  ( 13.05365857164418664, 13.32471844702070918, 0.000000000000000000 ) ) ;
#1254 = EDGE_CURVE ( 'NONE', #79, #1151, #1864, .T. ) ;
#1255 = ORIENTED_EDGE ( 'NONE', *, *, #250, .T. ) ;
#1256 = PLANE ( 'NONE',  #622 ) ;
#1257 = FILL_AREA_STYLE ('',( #1999 ) ) ;
#1258 = ORIENTED_EDGE ( 'NONE', *, *, #2438, .T. ) ;
#1259 = CARTESIAN_POINT ( 'NONE',  ( 9.125838190586391008, 13.32471844702070918, 0.000000000000000000 ) ) ;
#1260 = ORIENTED_EDGE ( 'NONE', *, *, #1232, .T. ) ;
#1261 = EDGE_CURVE ( 'NONE', #300, #686, #736, .T. ) ;
#1262 = FILL_AREA_STYLE ('',( #660 ) ) ;
#1263 = DIRECTION ( 'NONE',  ( 1.000000000000000000, 0.000000000000000000, 0.000000000000000000 ) ) ;
#1264 = ADVANCED_FACE ( 'NONE', ( #343 ), #1852, .F. ) ;
#1265 =( LENGTH_UNIT ( ) NAMED_UNIT ( * ) SI_UNIT ( .MILLI., .METRE. ) );
#1266 = LINE ( 'NONE', #82, #741 ) ;
#1267 = SURFACE_STYLE_FILL_AREA ( #507 ) ;
#1268 = LINE ( 'NONE', #2179, #1404 ) ;
#1269 = DIRECTION ( 'NONE',  ( -1.000000000000000000, -0.000000000000000000, -0.000000000000000000 ) ) ;
#1270 = VERTEX_POINT ( 'NONE', #131 ) ;
#1271 = DIRECTION ( 'NONE',  ( 0.000000000000000000, -1.000000000000000000, 0.000000000000000000 ) ) ;
#1272 = VERTEX_POINT ( 'NONE', #2037 ) ;
#1273 = CARTESIAN_POINT ( 'NONE',  ( -3.238200648272584914, 13.43511165093909376, 0.000000000000000000 ) ) ;
#1274 = SURFACE_STYLE_FILL_AREA ( #1237 ) ;
#1275 = PRESENTATION_LAYER_ASSIGNMENT (  '', '', ( #1317 ) ) ;
#1276 = LINE ( 'NONE', #321, #707 ) ;
#1277 = COLOUR_RGB ( '',0.2509803921568627416, 0.2509803921568627416, 0.2509803921568627416 ) ;
#1278 = DIRECTION ( 'NONE',  ( -0.000000000000000000, -0.000000000000000000, 1.000000000000000000 ) ) ;
#1279 = COLOUR_RGB ( '',0.2509803921568627416, 0.2509803921568627416, 0.2509803921568627416 ) ;
#1280 = DIRECTION ( 'NONE',  ( 1.000000000000000000, 0.000000000000000000, 0.000000000000000000 ) ) ;
#1281 = CARTESIAN_POINT ( 'NONE',  ( 15.00000000000000000, 24.00000000000000000, 0.000000000000000000 ) ) ;
#1282 = CARTESIAN_POINT ( 'NONE',  ( -8.537074436355009510, 11.88960679608172022, 0.000000000000000000 ) ) ;
#1283 = ORIENTED_EDGE ( 'NONE', *, *, #2005, .T. ) ;
#1284 = APPLICATION_CONTEXT ( 'automotive_design' ) ;
#1285 = CARTESIAN_POINT ( 'NONE',  ( -15.00000000000000000, 23.99999999999999289, 30.00000000000000000 ) ) ;
#1286 = EDGE_LOOP ( 'NONE', ( #90, #916, #52, #1787 ) ) ;
#1287 = ORIENTED_EDGE ( 'NONE', *, *, #997, .T. ) ;
#1288 = LINE ( 'NONE', #1906, #725 ) ;
#1289 = CARTESIAN_POINT ( 'NONE',  ( -3.040000000000000036, 9.415236256020255823, 32.10000000000000142 ) ) ;
#1290 = FILL_AREA_STYLE_COLOUR ( '', #1279 ) ;
#1291 = VECTOR ( 'NONE', #1779, 1000.000000000000000 ) ;
#1292 = ADVANCED_FACE ( 'NONE', ( #2259 ), #1877, .F. ) ;
#1293 = VERTEX_POINT ( 'NONE', #2058 ) ;
#1294 = LINE ( 'NONE', #2051, #1571 ) ;
#1295 = PRESENTATION_STYLE_ASSIGNMENT (( #580 ) ) ;
#1296 = ORIENTED_EDGE ( 'NONE', *, *, #832, .T. ) ;
#1297 = DIRECTION ( 'NONE',  ( -2.891205793294679312E-16, 1.000000000000000000, -0.000000000000000000 ) ) ;
#1298 = VERTEX_POINT ( 'NONE', #1106 ) ;
#1299 = EDGE_CURVE ( 'NONE', #1547, #1541, #2446, .T. ) ;
#1300 = DIRECTION ( 'NONE',  ( 1.000000000000000000, 0.000000000000000000, 0.000000000000000000 ) ) ;
#1301 = CARTESIAN_POINT ( 'NONE',  ( -3.238200648272584914, 23.99999999999999645, 0.000000000000000000 ) ) ;
#1302 = ORIENTED_EDGE ( 'NONE', *, *, #1966, .T. ) ;
#1303 = VECTOR ( 'NONE', #926, 1000.000000000000000 ) ;
#1304 = DIRECTION ( 'NONE',  ( -1.000000000000000000, 0.000000000000000000, 0.000000000000000000 ) ) ;
#1305 = VECTOR ( 'NONE', #1227, 1000.000000000000000 ) ;
#1306 = CARTESIAN_POINT ( 'NONE',  ( -9.641006475538844711, 23.99999999999999289, 0.000000000000000000 ) ) ;
#1307 = SURFACE_STYLE_FILL_AREA ( #738 ) ;
#1308 = ORIENTED_EDGE ( 'NONE', *, *, #1163, .F. ) ;
#1309 = LINE ( 'NONE', #21, #1607 ) ;
#1310 = ADVANCED_FACE ( 'NONE', ( #1711 ), #518, .T. ) ;
#1311 = EDGE_LOOP ( 'NONE', ( #461, #426, #434, #1720 ) ) ;
#1312 = SURFACE_STYLE_FILL_AREA ( #572 ) ;
#1313 = ORIENTED_EDGE ( 'NONE', *, *, #435, .F. ) ;
#1314 = CARTESIAN_POINT ( 'NONE',  ( -3.040000000000000036, 9.415236256020255823, 31.50000000000000000 ) ) ;
#1315 = CARTESIAN_POINT ( 'NONE',  ( -2.040000000000000036, 9.415236256020255823, 32.10000000000000142 ) ) ;
#1316 =( GEOMETRIC_REPRESENTATION_CONTEXT ( 3 ) GLOBAL_UNCERTAINTY_ASSIGNED_CONTEXT ( ( #1793 ) ) GLOBAL_UNIT_ASSIGNED_CONTEXT ( ( #335, #2428, #1717 ) ) REPRESENTATION_CONTEXT ( 'NONE', 'WORKASPACE' ) );
#1317 = STYLED_ITEM ( 'NONE', ( #254 ), #1519 ) ;
#1318 = SURFACE_STYLE_FILL_AREA ( #1503 ) ;
#1319 = DIRECTION ( 'NONE',  ( -0.000000000000000000, -0.000000000000000000, 1.000000000000000000 ) ) ;
#1320 = VECTOR ( 'NONE', #136, 1000.000000000000000 ) ;
#1321 = ORIENTED_EDGE ( 'NONE', *, *, #674, .T. ) ;
#1322 = FILL_AREA_STYLE_COLOUR ( '', #325 ) ;
#1323 = VECTOR ( 'NONE', #778, 1000.000000000000000 ) ;
#1324 = VERTEX_POINT ( 'NONE', #1289 ) ;
#1325 = CARTESIAN_POINT ( 'NONE',  ( 14.99999999999999822, 0.000000000000000000, 0.000000000000000000 ) ) ;
#1326 = PRESENTATION_STYLE_ASSIGNMENT (( #936 ) ) ;
#1327 = EDGE_CURVE ( 'NONE', #554, #1817, #775, .T. ) ;
#1328 = CARTESIAN_POINT ( 'NONE',  ( -4.231739483538040858, 23.99999999999999289, 0.000000000000000000 ) ) ;
#1329 = ORIENTED_EDGE ( 'NONE', *, *, #47, .T. ) ;
#1330 = SURFACE_SIDE_STYLE ('',( #575 ) ) ;
#1331 = ORIENTED_EDGE ( 'NONE', *, *, #2339, .T. ) ;
#1332 =( GEOMETRIC_REPRESENTATION_CONTEXT ( 3 ) GLOBAL_UNCERTAINTY_ASSIGNED_CONTEXT ( ( #237 ) ) GLOBAL_UNIT_ASSIGNED_CONTEXT ( ( #980, #1585, #63 ) ) REPRESENTATION_CONTEXT ( 'NONE', 'WORKASPACE' ) );
#1333 =( LENGTH_UNIT ( ) NAMED_UNIT ( * ) SI_UNIT ( .MILLI., .METRE. ) );
#1334 = EDGE_CURVE ( 'NONE', #1235, #1696, #1276, .T. ) ;
#1335 = ORIENTED_EDGE ( 'NONE', *, *, #689, .F. ) ;
#1336 = ORIENTED_EDGE ( 'NONE', *, *, #2032, .F. ) ;
#1337 = FILL_AREA_STYLE ('',( #2293 ) ) ;
#1338 = CARTESIAN_POINT ( 'NONE',  ( -0.4999999999999993339, -4.000000000000000000, 32.10000000000000142 ) ) ;
#1339 = ADVANCED_FACE ( 'NONE', ( #1667 ), #1548, .F. ) ;
#1340 = ORIENTED_EDGE ( 'NONE', *, *, #1599, .T. ) ;
#1341 = DIRECTION ( 'NONE',  ( 0.000000000000000000, 1.000000000000000000, 0.000000000000000000 ) ) ;
#1342 =( NAMED_UNIT ( * ) SI_UNIT ( $, .STERADIAN. ) SOLID_ANGLE_UNIT ( ) );
#1343 = EDGE_CURVE ( 'NONE', #72, #747, #2106, .T. ) ;
#1344 = LINE ( 'NONE', #1732, #731 ) ;
#1345 = LINE ( 'NONE', #391, #456 ) ;
#1346 = DIRECTION ( 'NONE',  ( 0.000000000000000000, 0.000000000000000000, -1.000000000000000000 ) ) ;
#1347 = VECTOR ( 'NONE', #515, 1000.000000000000000 ) ;
#1348 = EDGE_LOOP ( 'NONE', ( #99, #1335, #1922, #2017 ) ) ;
#1349 = UNCERTAINTY_MEASURE_WITH_UNIT (LENGTH_MEASURE( 1.000000000000000082E-05 ), #1141, 'distance_accuracy_value', 'NONE');
#1350 = PRODUCT_DEFINITION_FORMATION_WITH_SPECIFIED_SOURCE ( 'ANY', '', #2172, .NOT_KNOWN. ) ;
#1351 = SURFACE_SIDE_STYLE ('',( #2233 ) ) ;
#1352 = AXIS2_PLACEMENT_3D ( 'NONE', #698, #1449, #2199 ) ;
#1353 = CARTESIAN_POINT ( 'NONE',  ( 1.836970198721029441E-16, 10.00000000000000000, 20.00000000000000000 ) ) ;
#1354 = ORIENTED_EDGE ( 'NONE', *, *, #1024, .T. ) ;
#1355 = LINE ( 'NONE', #1765, #1291 ) ;
#1356 = CARTESIAN_POINT ( 'NONE',  ( 2.039999999999997371, 9.415236256020255823, 32.10000000000000142 ) ) ;
#1357 = EDGE_CURVE ( 'NONE', #655, #1242, #2120, .T. ) ;
#1358 = SURFACE_STYLE_USAGE ( .BOTH. , #803 ) ;
#1359 =( LENGTH_UNIT ( ) NAMED_UNIT ( * ) SI_UNIT ( .MILLI., .METRE. ) );
#1360 = ORIENTED_EDGE ( 'NONE', *, *, #663, .F. ) ;
#1361 = AXIS2_PLACEMENT_3D ( 'NONE', #180, #1762, #41 ) ;
#1362 = VECTOR ( 'NONE', #2156, 1000.000000000000000 ) ;
#1363 = PRESENTATION_LAYER_ASSIGNMENT (  '', '', ( #352 ) ) ;
#1364 = DIRECTION ( 'NONE',  ( -0.000000000000000000, 1.000000000000000000, 0.000000000000000000 ) ) ;
#1365 = ORIENTED_EDGE ( 'NONE', *, *, #130, .F. ) ;
#1366 = STYLED_ITEM ( 'NONE', ( #118 ), #389 ) ;
#1367 = DIRECTION ( 'NONE',  ( -0.000000000000000000, -0.000000000000000000, 1.000000000000000000 ) ) ;
#1368 = CARTESIAN_POINT ( 'NONE',  ( -3.040000000000000036, 8.500000000000000000, 31.50000000000000000 ) ) ;
#1369 = AXIS2_PLACEMENT_3D ( 'NONE', #2305, #264, #1974 ) ;
#1370 = LINE ( 'NONE', #1967, #2303 ) ;
#1371 = CARTESIAN_POINT ( 'NONE',  ( -14.99999999999999822, 0.000000000000000000, 30.00000000000000000 ) ) ;
#1372 = VECTOR ( 'NONE', #1636, 1000.000000000000000 ) ;
#1373 = EDGE_CURVE ( 'NONE', #1632, #1871, #1009, .T. ) ;
#1374 = VECTOR ( 'NONE', #2041, 1000.000000000000000 ) ;
#1375 = ORIENTED_EDGE ( 'NONE', *, *, #217, .T. ) ;
#1376 = STYLED_ITEM ( 'NONE', ( #1978 ), #1179 ) ;
#1377 = VECTOR ( 'NONE', #1226, 1000.000000000000000 ) ;
#1378 = SURFACE_SIDE_STYLE ('',( #1394 ) ) ;
#1379 =( NAMED_UNIT ( * ) SI_UNIT ( $, .STERADIAN. ) SOLID_ANGLE_UNIT ( ) );
#1380 = VERTEX_POINT ( 'NONE', #229 ) ;
#1381 = LINE ( 'NONE', #2131, #970 ) ;
#1382 = DIRECTION ( 'NONE',  ( 1.000000000000000000, 0.000000000000000000, 0.000000000000000000 ) ) ;
#1383 = LINE ( 'NONE', #1580, #2036 ) ;
#1384 = DIRECTION ( 'NONE',  ( 2.312964634635742957E-16, -1.000000000000000000, 0.000000000000000000 ) ) ;
#1385 = EDGE_CURVE ( 'NONE', #877, #1698, #1563, .T. ) ;
#1386 =( LENGTH_UNIT ( ) NAMED_UNIT ( * ) SI_UNIT ( .MILLI., .METRE. ) );
#1387 = ADVANCED_FACE ( 'NONE', ( #2322 ), #1929, .F. ) ;
#1388 = ORIENTED_EDGE ( 'NONE', *, *, #47, .F. ) ;
#1389 = LINE ( 'NONE', #1918, #2226 ) ;
#1390 = FILL_AREA_STYLE ('',( #458 ) ) ;
#1391 = ORIENTED_EDGE ( 'NONE', *, *, #372, .F. ) ;
#1392 = VECTOR ( 'NONE', #1497, 1000.000000000000000 ) ;
#1393 = EDGE_CURVE ( 'NONE', #2282, #2395, #625, .T. ) ;
#1394 = SURFACE_STYLE_FILL_AREA ( #1574 ) ;
#1395 =( GEOMETRIC_REPRESENTATION_CONTEXT ( 3 ) GLOBAL_UNCERTAINTY_ASSIGNED_CONTEXT ( ( #582 ) ) GLOBAL_UNIT_ASSIGNED_CONTEXT ( ( #2124, #1582, #251 ) ) REPRESENTATION_CONTEXT ( 'NONE', 'WORKASPACE' ) );
#1396 = CIRCLE ( 'NONE', #612, 1.500000000000001332 ) ;
#1397 = EDGE_LOOP ( 'NONE', ( #1017, #1308, #639, #994 ) ) ;
#1398 = SURFACE_SIDE_STYLE ('',( #1639 ) ) ;
#1399 = AXIS2_PLACEMENT_3D ( 'NONE', #45, #1180, #2101 ) ;
#1400 = CARTESIAN_POINT ( 'NONE',  ( 3.039999999999997371, 9.415236256020255823, 32.10000000000000142 ) ) ;
#1401 = DIRECTION ( 'NONE',  ( 7.228014483236698281E-17, -1.000000000000000000, 0.000000000000000000 ) ) ;
#1402 = EDGE_LOOP ( 'NONE', ( #169, #1233, #1753, #718 ) ) ;
#1403 = EDGE_CURVE ( 'NONE', #1270, #1511, #789, .T. ) ;
#1404 = VECTOR ( 'NONE', #1620, 1000.000000000000000 ) ;
#1405 = ORIENTED_EDGE ( 'NONE', *, *, #1148, .T. ) ;
#1406 = FILL_AREA_STYLE_COLOUR ( '', #361 ) ;
#1407 = PRESENTATION_LAYER_ASSIGNMENT (  '', '', ( #2346 ) ) ;
#1408 = APPLICATION_CONTEXT ( 'automotive_design' ) ;
#1409 = STYLED_ITEM ( 'NONE', ( #1536 ), #1474 ) ;
#1410 = ORIENTED_EDGE ( 'NONE', *, *, #2096, .T. ) ;
#1411 = CARTESIAN_POINT ( 'NONE',  ( -4.093371642325966064, 5.500000000000000888, 31.13164631729128473 ) ) ;
#1412 = DIRECTION ( 'NONE',  ( -0.1209742911513545793, 0.9852565360152931717, -0.1209742911513545932 ) ) ;
#1413 = DIRECTION ( 'NONE',  ( 1.000000000000000000, 0.000000000000000000, 0.000000000000000000 ) ) ;
#1414 = CARTESIAN_POINT ( 'NONE',  ( 2.039999999999997371, 9.415236256020255823, 31.50000000000000000 ) ) ;
#1415 = DIRECTION ( 'NONE',  ( -0.000000000000000000, 0.000000000000000000, 1.000000000000000000 ) ) ;
#1416 = EDGE_CURVE ( 'NONE', #182, #835, #13, .T. ) ;
#1417 = PRESENTATION_STYLE_ASSIGNMENT (( #1071 ) ) ;
#1418 = ORIENTED_EDGE ( 'NONE', *, *, #658, .T. ) ;
#1419 = DIRECTION ( 'NONE',  ( 1.000000000000000000, 0.000000000000000000, 0.000000000000000000 ) ) ;
#1420 = CARTESIAN_POINT ( 'NONE',  ( 2.039999999999997371, -4.000000000000000000, 31.50000000000000000 ) ) ;
#1421 = LINE ( 'NONE', #1983, #693 ) ;
#1422 = DIRECTION ( 'NONE',  ( 1.000000000000000000, 0.000000000000000000, -0.000000000000000000 ) ) ;
#1423 = LINE ( 'NONE', #1466, #565 ) ;
#1424 = CARTESIAN_POINT ( 'NONE',  ( -15.00000000000000000, 23.99999999999999289, 30.00000000000000000 ) ) ;
#1425 = CARTESIAN_POINT ( 'NONE',  ( -15.00000000000000000, 23.99999999999999289, 30.00000000000000000 ) ) ;
#1426 = EDGE_LOOP ( 'NONE', ( #137, #592, #189, #1057 ) ) ;
#1427 = CARTESIAN_POINT ( 'NONE',  ( 2.039999999999997371, -4.000000000000000000, 32.10000000000000142 ) ) ;
#1428 = ORIENTED_EDGE ( 'NONE', *, *, #943, .F. ) ;
#1429 = STYLED_ITEM ( 'NONE', ( #1534 ), #1629 ) ;
#1430 = FACE_OUTER_BOUND ( 'NONE', #1990, .T. ) ;
#1431 = CARTESIAN_POINT ( 'NONE',  ( 4.461725325034679557, 8.500000000000000000, 31.50000000000000000 ) ) ;
#1432 =( LENGTH_UNIT ( ) NAMED_UNIT ( * ) SI_UNIT ( .MILLI., .METRE. ) );
#1433 = COLOUR_RGB ( '',0.2509803921568627416, 0.2509803921568627416, 0.2509803921568627416 ) ;
#1434 = LINE ( 'NONE', #490, #1125 ) ;
#1435 = PLANE ( 'NONE',  #1955 ) ;
#1436 = ORIENTED_EDGE ( 'NONE', *, *, #2203, .F. ) ;
#1437 = COLOUR_RGB ( '',0.2509803921568627416, 0.2509803921568627416, 0.2509803921568627416 ) ;
#1438 = ORIENTED_EDGE ( 'NONE', *, *, #2169, .F. ) ;
#1439 = DIRECTION ( 'NONE',  ( 0.000000000000000000, -0.000000000000000000, 1.000000000000000000 ) ) ;
#1440 = VECTOR ( 'NONE', #22, 1000.000000000000000 ) ;
#1441 = LINE ( 'NONE', #299, #768 ) ;
#1442 = EDGE_CURVE ( 'NONE', #469, #950, #1381, .T. ) ;
#1443 = CYLINDRICAL_SURFACE ( 'NONE', #449, 1.500000000000001332 ) ;
#1444 = EDGE_CURVE ( 'NONE', #1724, #2186, #1355, .T. ) ;
#1445 = ORIENTED_EDGE ( 'NONE', *, *, #1807, .T. ) ;
#1446 = ORIENTED_EDGE ( 'NONE', *, *, #2133, .T. ) ;
#1447 = MECHANICAL_DESIGN_GEOMETRIC_PRESENTATION_REPRESENTATION (  '', ( #2192 ), #1332 ) ;
#1448 = DIRECTION ( 'NONE',  ( 0.000000000000000000, -0.000000000000000000, -1.000000000000000000 ) ) ;
#1449 = DIRECTION ( 'NONE',  ( 0.000000000000000000, 1.000000000000000000, 0.000000000000000000 ) ) ;
#1450 = STYLED_ITEM ( 'NONE', ( #2331 ), #1072 ) ;
#1451 = LINE ( 'NONE', #1228, #1884 ) ;
#1452 = VECTOR ( 'NONE', #141, 1000.000000000000000 ) ;
#1453 = CARTESIAN_POINT ( 'NONE',  ( -4.461725325034680445, 8.500000000000000000, 31.50000000000000000 ) ) ;
#1454 = FILL_AREA_STYLE_COLOUR ( '', #1433 ) ;
#1455 = ORIENTED_EDGE ( 'NONE', *, *, #1549, .T. ) ;
#1456 = CARTESIAN_POINT ( 'NONE',  ( 2.039999999999997371, 9.415236256020255823, 32.10000000000000142 ) ) ;
#1457 = VECTOR ( 'NONE', #2107, 1000.000000000000000 ) ;
#1458 = FILL_AREA_STYLE_COLOUR ( '', #809 ) ;
#1459 = ORIENTED_EDGE ( 'NONE', *, *, #745, .F. ) ;
#1460 = LINE ( 'NONE', #1285, #2309 ) ;
#1461 = ADVANCED_FACE ( 'NONE', ( #427 ), #1941, .F. ) ;
#1462 = VERTEX_POINT ( 'NONE', #210 ) ;
#1463 = LINE ( 'NONE', #2354, #671 ) ;
#1464 = DIRECTION ( 'NONE',  ( 0.000000000000000000, 0.000000000000000000, -1.000000000000000000 ) ) ;
#1465 = PLANE ( 'NONE',  #1487 ) ;
#1466 = CARTESIAN_POINT ( 'NONE',  ( -4.461725325034680445, 8.500000000000000000, 31.50000000000000000 ) ) ;
#1467 = ORIENTED_EDGE ( 'NONE', *, *, #407, .T. ) ;
#1468 = FACE_OUTER_BOUND ( 'NONE', #1887, .T. ) ;
#1469 = DIRECTION ( 'NONE',  ( 8.081871625622360701E-18, -1.000000000000000000, 0.000000000000000000 ) ) ;
#1470 = ORIENTED_EDGE ( 'NONE', *, *, #2281, .F. ) ;
#1471 = EDGE_LOOP ( 'NONE', ( #843, #1210 ) ) ;
#1472 = DIRECTION ( 'NONE',  ( -1.000000000000000000, -6.465497300497888561E-17, 0.000000000000000000 ) ) ;
#1473 = CARTESIAN_POINT ( 'NONE',  ( 0.000000000000000000, 13.43511165093909376, 16.99999999999999645 ) ) ;
#1474 = ADVANCED_FACE ( 'NONE', ( #1189 ), #984, .F. ) ;
#1475 = STYLED_ITEM ( 'NONE', ( #1546 ), #1649 ) ;
#1476 = CARTESIAN_POINT ( 'NONE',  ( -13.94634142835581336, 0.000000000000000000, 0.000000000000000000 ) ) ;
#1477 = VECTOR ( 'NONE', #1401, 1000.000000000000000 ) ;
#1478 = PRESENTATION_STYLE_ASSIGNMENT (( #1488 ) ) ;
#1479 = EDGE_LOOP ( 'NONE', ( #842, #2079, #807, #382, #1672, #598, #1959, #396, #2366, #2333, #867, #1778, #729, #1224, #642, #924 ) ) ;
#1480 = CARTESIAN_POINT ( 'NONE',  ( 9.125838190586391008, 13.32471844702070918, 0.000000000000000000 ) ) ;
#1481 = LINE ( 'NONE', #1866, #969 ) ;
#1482 = VECTOR ( 'NONE', #2, 1000.000000000000000 ) ;
#1483 = EDGE_LOOP ( 'NONE', ( #1070, #1505, #1046, #1340 ) ) ;
#1484 = DIRECTION ( 'NONE',  ( -0.000000000000000000, 0.000000000000000000, -1.000000000000000000 ) ) ;
#1485 = FACE_OUTER_BOUND ( 'NONE', #742, .T. ) ;
#1486 = SURFACE_STYLE_USAGE ( .BOTH. , #1131 ) ;
#1487 = AXIS2_PLACEMENT_3D ( 'NONE', #1658, #2215, #1066 ) ;
#1488 = SURFACE_STYLE_USAGE ( .BOTH. , #1712 ) ;
#1489 = VERTEX_POINT ( 'NONE', #1411 ) ;
#1490 = EDGE_LOOP ( 'NONE', ( #2283, #383, #1089, #1195, #755 ) ) ;
#1491 = SURFACE_STYLE_USAGE ( .BOTH. , #3 ) ;
#1492 = ADVANCED_FACE ( 'NONE', ( #1430 ), #2198, .F. ) ;
#1493 = DIRECTION ( 'NONE',  ( -1.000000000000000000, -0.000000000000000000, -0.000000000000000000 ) ) ;
#1494 = ORIENTED_EDGE ( 'NONE', *, *, #1663, .T. ) ;
#1495 = UNCERTAINTY_MEASURE_WITH_UNIT (LENGTH_MEASURE( 1.000000000000000082E-05 ), #1359, 'distance_accuracy_value', 'NONE');
#1496 = ORIENTED_EDGE ( 'NONE', *, *, #2137, .F. ) ;
#1497 = DIRECTION ( 'NONE',  ( -1.000000000000000000, -2.312964634635742957E-16, -0.000000000000000000 ) ) ;
#1498 = DIRECTION ( 'NONE',  ( -1.000000000000000000, -0.000000000000000000, -0.000000000000000000 ) ) ;
#1499 = ORIENTED_EDGE ( 'NONE', *, *, #1163, .T. ) ;
#1500 = PRESENTATION_LAYER_ASSIGNMENT (  '', '', ( #868 ) ) ;
#1501 =( NAMED_UNIT ( * ) PLANE_ANGLE_UNIT ( ) SI_UNIT ( $, .RADIAN. ) );
#1502 =( LENGTH_UNIT ( ) NAMED_UNIT ( * ) SI_UNIT ( .MILLI., .METRE. ) );
#1503 = FILL_AREA_STYLE ('',( #2426 ) ) ;
#1504 =( LENGTH_UNIT ( ) NAMED_UNIT ( * ) SI_UNIT ( .MILLI., .METRE. ) );
#1505 = ORIENTED_EDGE ( 'NONE', *, *, #1416, .F. ) ;
#1506 = FILL_AREA_STYLE ('',( #542 ) ) ;
#1507 =( NAMED_UNIT ( * ) SI_UNIT ( $, .STERADIAN. ) SOLID_ANGLE_UNIT ( ) );
#1508 =( LENGTH_UNIT ( ) NAMED_UNIT ( * ) SI_UNIT ( .MILLI., .METRE. ) );
#1509 = ORIENTED_EDGE ( 'NONE', *, *, #1444, .T. ) ;
#1510 = DIRECTION ( 'NONE',  ( 0.000000000000000000, -0.000000000000000000, 1.000000000000000000 ) ) ;
#1511 = VERTEX_POINT ( 'NONE', #2174 ) ;
#1512 = STYLED_ITEM ( 'NONE', ( #1124 ), #1783 ) ;
#1513 = AXIS2_PLACEMENT_3D ( 'NONE', #470, #1236, #1448 ) ;
#1514 = PRESENTATION_STYLE_ASSIGNMENT (( #942 ) ) ;
#1515 = EDGE_CURVE ( 'NONE', #1235, #2197, #1062, .T. ) ;
#1516 = VERTEX_POINT ( 'NONE', #100 ) ;
#1517 = UNCERTAINTY_MEASURE_WITH_UNIT (LENGTH_MEASURE( 1.000000000000000082E-05 ), #525, 'distance_accuracy_value', 'NONE');
#1518 = DIRECTION ( 'NONE',  ( 0.000000000000000000, -1.000000000000000000, 0.000000000000000000 ) ) ;
#1519 = ADVANCED_FACE ( 'NONE', ( #697 ), #1615, .T. ) ;
#1520 = VECTOR ( 'NONE', #1948, 1000.000000000000000 ) ;
#1521 = CARTESIAN_POINT ( 'NONE',  ( -13.94634142835581336, 10.00000000000000000, 0.000000000000000000 ) ) ;
#1522 = ADVANCED_FACE ( 'NONE', ( #1991 ), #278, .F. ) ;
#1523 = DIRECTION ( 'NONE',  ( 0.000000000000000000, -1.000000000000000000, 0.000000000000000000 ) ) ;
#1524 = VERTEX_POINT ( 'NONE', #1273 ) ;
#1525 = VECTOR ( 'NONE', #111, 1000.000000000000000 ) ;
#1526 =( NAMED_UNIT ( * ) SI_UNIT ( $, .STERADIAN. ) SOLID_ANGLE_UNIT ( ) );
#1527 = AXIS2_PLACEMENT_3D ( 'NONE', #629, #1384, #1759 ) ;
#1528 = CARTESIAN_POINT ( 'NONE',  ( 2.039999999999997371, 8.500000000000000000, 31.50000000000000000 ) ) ;
#1529 = AXIS2_PLACEMENT_3D ( 'NONE', #931, #2404, #537 ) ;
#1530 = CARTESIAN_POINT ( 'NONE',  ( -4.231739483538040858, 23.99999999999999289, 30.00000000000000000 ) ) ;
#1531 = DIRECTION ( 'NONE',  ( -0.000000000000000000, -0.000000000000000000, 1.000000000000000000 ) ) ;
#1532 =( GEOMETRIC_REPRESENTATION_CONTEXT ( 3 ) GLOBAL_UNCERTAINTY_ASSIGNED_CONTEXT ( ( #2415 ) ) GLOBAL_UNIT_ASSIGNED_CONTEXT ( ( #1333, #135, #739 ) ) REPRESENTATION_CONTEXT ( 'NONE', 'WORKASPACE' ) );
#1533 = DIRECTION ( 'NONE',  ( 0.000000000000000000, -1.000000000000000000, 0.000000000000000000 ) ) ;
#1534 = PRESENTATION_STYLE_ASSIGNMENT (( #1748 ) ) ;
#1535 = ORIENTED_EDGE ( 'NONE', *, *, #143, .T. ) ;
#1536 = PRESENTATION_STYLE_ASSIGNMENT (( #836 ) ) ;
#1537 = LINE ( 'NONE', #1942, #903 ) ;
#1538 =( NAMED_UNIT ( * ) SI_UNIT ( $, .STERADIAN. ) SOLID_ANGLE_UNIT ( ) );
#1539 =( LENGTH_UNIT ( ) NAMED_UNIT ( * ) SI_UNIT ( .MILLI., .METRE. ) );
#1540 = SURFACE_STYLE_USAGE ( .BOTH. , #2076 ) ;
#1541 = VERTEX_POINT ( 'NONE', #570 ) ;
#1542 = PRODUCT_DEFINITION_CONTEXT ( 'detailed design', #1408, 'design' ) ;
#1543 = ADVANCED_FACE ( 'NONE', ( #1485 ), #2420, .F. ) ;
#1544 =( LENGTH_UNIT ( ) NAMED_UNIT ( * ) SI_UNIT ( .MILLI., .METRE. ) );
#1545 = PLANE ( 'NONE',  #1647 ) ;
#1546 = PRESENTATION_STYLE_ASSIGNMENT (( #2268 ) ) ;
#1547 = VERTEX_POINT ( 'NONE', #1117 ) ;
#1548 = PLANE ( 'NONE',  #1128 ) ;
#1549 = EDGE_CURVE ( 'NONE', #1185, #911, #545, .T. ) ;
#1550 = FACE_OUTER_BOUND ( 'NONE', #1286, .T. ) ;
#1551 = SURFACE_SIDE_STYLE ('',( #964 ) ) ;
#1552 = DIRECTION ( 'NONE',  ( -0.000000000000000000, 0.000000000000000000, 1.000000000000000000 ) ) ;
#1553 = PRESENTATION_LAYER_ASSIGNMENT (  '', '', ( #1758 ) ) ;
#1554 = DIRECTION ( 'NONE',  ( -2.168404344971008868E-16, 0.000000000000000000, 1.000000000000000000 ) ) ;
#1555 = STYLED_ITEM ( 'NONE', ( #1295 ), #1737 ) ;
#1556 = AXIS2_PLACEMENT_3D ( 'NONE', #2272, #2448, #388 ) ;
#1557 =( LENGTH_UNIT ( ) NAMED_UNIT ( * ) SI_UNIT ( .MILLI., .METRE. ) );
#1558 = PLANE ( 'NONE',  #1876 ) ;
#1559 = SHAPE_DEFINITION_REPRESENTATION ( #221, #1064 ) ;
#1560 = VECTOR ( 'NONE', #751, 1000.000000000000000 ) ;
#1561 = ORIENTED_EDGE ( 'NONE', *, *, #305, .T. ) ;
#1562 =( GEOMETRIC_REPRESENTATION_CONTEXT ( 3 ) GLOBAL_UNCERTAINTY_ASSIGNED_CONTEXT ( ( #967 ) ) GLOBAL_UNIT_ASSIGNED_CONTEXT ( ( #759, #2389, #1507 ) ) REPRESENTATION_CONTEXT ( 'NONE', 'WORKASPACE' ) );
#1563 = LINE ( 'NONE', #387, #2126 ) ;
#1564 = DIRECTION ( 'NONE',  ( 1.000000000000000000, 2.312964634635742957E-16, 0.000000000000000000 ) ) ;
#1565 = DIRECTION ( 'NONE',  ( 0.000000000000000000, 0.000000000000000000, -1.000000000000000000 ) ) ;
#1566 = PRESENTATION_STYLE_ASSIGNMENT (( #1968 ) ) ;
#1567 = COLOUR_RGB ( '',0.2509803921568627416, 0.2509803921568627416, 0.2509803921568627416 ) ;
#1568 = VERTEX_POINT ( 'NONE', #1686 ) ;
#1569 = ADVANCED_FACE ( 'NONE', ( #1080 ), #720, .F. ) ;
#1570 = SURFACE_SIDE_STYLE ('',( #1171 ) ) ;
#1571 = VECTOR ( 'NONE', #359, 1000.000000000000000 ) ;
#1572 = EDGE_LOOP ( 'NONE', ( #1097, #746, #1336, #1023, #2261, #1885, #1302, #1051, #1470, #386, #703, #1624, #2004, #1388, #563, #1331, #1365, #175, #888, #788, #2130, #2028, #938, #2024, #2386, #218, #520, #373, #1820, #1935 ) ) ;
#1573 = VECTOR ( 'NONE', #951, 1000.000000000000000 ) ;
#1574 = FILL_AREA_STYLE ('',( #240 ) ) ;
#1575 = CARTESIAN_POINT ( 'NONE',  ( 0.5000000000000005551, 9.415236256020255823, 32.10000000000000142 ) ) ;
#1576 = EDGE_LOOP ( 'NONE', ( #73, #54, #2070, #494, #1116 ) ) ;
#1577 = VECTOR ( 'NONE', #600, 1000.000000000000000 ) ;
#1578 = LINE ( 'NONE', #2323, #380 ) ;
#1579 = VECTOR ( 'NONE', #230, 1000.000000000000000 ) ;
#1580 = CARTESIAN_POINT ( 'NONE',  ( 0.000000000000000000, 24.00000000000000000, 16.99999999999999645 ) ) ;
#1581 =( NAMED_UNIT ( * ) SI_UNIT ( $, .STERADIAN. ) SOLID_ANGLE_UNIT ( ) );
#1582 =( NAMED_UNIT ( * ) PLANE_ANGLE_UNIT ( ) SI_UNIT ( $, .RADIAN. ) );
#1583 = ORIENTED_EDGE ( 'NONE', *, *, #2339, .F. ) ;
#1584 = ORIENTED_EDGE ( 'NONE', *, *, #10, .T. ) ;
#1585 =( NAMED_UNIT ( * ) PLANE_ANGLE_UNIT ( ) SI_UNIT ( $, .RADIAN. ) );
#1586 = EDGE_CURVE ( 'NONE', #144, #1020, #530, .T. ) ;
#1587 = EDGE_CURVE ( 'NONE', #558, #655, #1288, .T. ) ;
#1588 = CARTESIAN_POINT ( 'NONE',  ( 8.242692559239328531, 12.00000000000000000, 0.000000000000000000 ) ) ;
#1589 = EDGE_LOOP ( 'NONE', ( #2204, #1684, #1008, #1445 ) ) ;
#1590 = PLANE ( 'NONE',  #2073 ) ;
#1591 = PRESENTATION_STYLE_ASSIGNMENT (( #869 ) ) ;
#1592 =( NAMED_UNIT ( * ) SI_UNIT ( $, .STERADIAN. ) SOLID_ANGLE_UNIT ( ) );
#1593 = ORIENTED_EDGE ( 'NONE', *, *, #1187, .T. ) ;
#1594 = UNCERTAINTY_MEASURE_WITH_UNIT (LENGTH_MEASURE( 1.000000000000000082E-05 ), #1265, 'distance_accuracy_value', 'NONE');
#1595 = COLOUR_RGB ( '',0.2509803921568627416, 0.2509803921568627416, 0.2509803921568627416 ) ;
#1596 = LINE ( 'NONE', #40, #1520 ) ;
#1597 = EDGE_CURVE ( 'NONE', #1541, #1272, #892, .T. ) ;
#1598 = ORIENTED_EDGE ( 'NONE', *, *, #2385, .T. ) ;
#1599 = EDGE_CURVE ( 'NONE', #1151, #350, #1654, .T. ) ;
#1600 =( LENGTH_UNIT ( ) NAMED_UNIT ( * ) SI_UNIT ( .MILLI., .METRE. ) );
#1601 = STYLED_ITEM ( 'NONE', ( #2200 ), #215 ) ;
#1602 = LINE ( 'NONE', #1789, #1305 ) ;
#1603 =( NAMED_UNIT ( * ) PLANE_ANGLE_UNIT ( ) SI_UNIT ( $, .RADIAN. ) );
#1604 = CARTESIAN_POINT ( 'NONE',  ( 2.039999999999997371, -4.000000000000000000, 32.10000000000000142 ) ) ;
#1605 = LINE ( 'NONE', #987, #1362 ) ;
#1606 = VECTOR ( 'NONE', #2337, 1000.000000000000000 ) ;
#1607 = VECTOR ( 'NONE', #1533, 1000.000000000000000 ) ;
#1608 = EDGE_CURVE ( 'NONE', #1547, #1298, #1872, .T. ) ;
#1609 = VECTOR ( 'NONE', #1806, 1000.000000000000000 ) ;
#1610 = EDGE_LOOP ( 'NONE', ( #2338, #902, #1438, #1892 ) ) ;
#1611 = COLOUR_RGB ( '',0.7921568627450980005, 0.8196078431372548767, 0.9333333333333333481 ) ;
#1612 =( GEOMETRIC_REPRESENTATION_CONTEXT ( 3 ) GLOBAL_UNCERTAINTY_ASSIGNED_CONTEXT ( ( #19 ) ) GLOBAL_UNIT_ASSIGNED_CONTEXT ( ( #1146, #436, #196 ) ) REPRESENTATION_CONTEXT ( 'NONE', 'WORKASPACE' ) );
#1613 = ORIENTED_EDGE ( 'NONE', *, *, #1743, .F. ) ;
#1614 = VERTEX_POINT ( 'NONE', #2247 ) ;
#1615 = PLANE ( 'NONE',  #1513 ) ;
#1616 = CARTESIAN_POINT ( 'NONE',  ( 4.331132595786505668, 7.436407572028192803, 31.36940727075182522 ) ) ;
#1617 = EDGE_CURVE ( 'NONE', #2043, #1242, #787, .T. ) ;
#1618 = PLANE ( 'NONE',  #824 ) ;
#1619 = LINE ( 'NONE', #2178, #2447 ) ;
#1620 = DIRECTION ( 'NONE',  ( -0.000000000000000000, 1.000000000000000000, -0.000000000000000000 ) ) ;
#1621 = ADVANCED_FACE ( 'NONE', ( #2320 ), #630, .F. ) ;
#1622 = CARTESIAN_POINT ( 'NONE',  ( 0.5000000000000006661, -4.000000000000000000, 31.50000000000000000 ) ) ;
#1623 = PRESENTATION_LAYER_ASSIGNMENT (  '', '', ( #672 ) ) ;
#1624 = ORIENTED_EDGE ( 'NONE', *, *, #538, .T. ) ;
#1625 = ORIENTED_EDGE ( 'NONE', *, *, #323, .F. ) ;
#1626 = SURFACE_STYLE_USAGE ( .BOTH. , #91 ) ;
#1627 = LINE ( 'NONE', #1824, #315 ) ;
#1628 = CARTESIAN_POINT ( 'NONE',  ( -3.040000000000000036, 9.415236256020255823, 31.50000000000000000 ) ) ;
#1629 = ADVANCED_FACE ( 'NONE', ( #207 ), #972, .F. ) ;
#1630 = DIRECTION ( 'NONE',  ( -1.000000000000000000, -0.000000000000000000, -0.000000000000000000 ) ) ;
#1631 = ORIENTED_EDGE ( 'NONE', *, *, #2213, .F. ) ;
#1632 = VERTEX_POINT ( 'NONE', #948 ) ;
#1633 =( LENGTH_UNIT ( ) NAMED_UNIT ( * ) SI_UNIT ( .MILLI., .METRE. ) );
#1634 = SURFACE_STYLE_FILL_AREA ( #1244 ) ;
#1635 = ORIENTED_EDGE ( 'NONE', *, *, #2385, .F. ) ;
#1636 = DIRECTION ( 'NONE',  ( -0.000000000000000000, -1.000000000000000000, -0.000000000000000000 ) ) ;
#1637 = ORIENTED_EDGE ( 'NONE', *, *, #2032, .T. ) ;
#1638 = COLOUR_RGB ( '',0.2509803921568627416, 0.2509803921568627416, 0.2509803921568627416 ) ;
#1639 = SURFACE_STYLE_FILL_AREA ( #2164 ) ;
#1640 = PLANE ( 'NONE',  #1352 ) ;
#1641 = FILL_AREA_STYLE ('',( #1803 ) ) ;
#1642 = CARTESIAN_POINT ( 'NONE',  ( -4.093371642325966064, 5.500000000000000888, 22.86835368270871172 ) ) ;
#1643 = FACE_OUTER_BOUND ( 'NONE', #541, .T. ) ;
#1644 = ORIENTED_EDGE ( 'NONE', *, *, #1343, .T. ) ;
#1645 = EDGE_CURVE ( 'NONE', #2197, #983, #1709, .T. ) ;
#1646 = LINE ( 'NONE', #1456, #2234 ) ;
#1647 = AXIS2_PLACEMENT_3D ( 'NONE', #431, #2351, #1196 ) ;
#1648 = LINE ( 'NONE', #2206, #2069 ) ;
#1649 = ADVANCED_FACE ( 'NONE', ( #227 ), #1558, .T. ) ;
#1650 = VERTEX_POINT ( 'NONE', #1338 ) ;
#1651 = FACE_OUTER_BOUND ( 'NONE', #1610, .T. ) ;
#1652 = ORIENTED_EDGE ( 'NONE', *, *, #250, .F. ) ;
#1653 = STYLED_ITEM ( 'NONE', ( #606 ), #722 ) ;
#1654 = LINE ( 'NONE', #2055, #643 ) ;
#1655 = CARTESIAN_POINT ( 'NONE',  ( -4.461725325034679557, 8.500000000000000000, 22.50000000000000000 ) ) ;
#1656 =( GEOMETRIC_REPRESENTATION_CONTEXT ( 3 ) GLOBAL_UNCERTAINTY_ASSIGNED_CONTEXT ( ( #1113 ) ) GLOBAL_UNIT_ASSIGNED_CONTEXT ( ( #1206, #249, #978 ) ) REPRESENTATION_CONTEXT ( 'NONE', 'WORKASPACE' ) );
#1657 = DIRECTION ( 'NONE',  ( -1.000000000000000000, -2.312964634635742957E-16, -0.000000000000000000 ) ) ;
#1658 = CARTESIAN_POINT ( 'NONE',  ( -3.040000000000000036, 9.415236256020255823, 32.10000000000000142 ) ) ;
#1659 = FACE_OUTER_BOUND ( 'NONE', #1490, .T. ) ;
#1660 = DIRECTION ( 'NONE',  ( -0.000000000000000000, -0.000000000000000000, 1.000000000000000000 ) ) ;
#1661 = ORIENTED_EDGE ( 'NONE', *, *, #2427, .T. ) ;
#1662 = PLANE ( 'NONE',  #488 ) ;
#1663 = EDGE_CURVE ( 'NONE', #2014, #2163, #425, .T. ) ;
#1664 = ADVANCED_FACE ( 'NONE', ( #1949 ), #2095, .F. ) ;
#1665 = VECTOR ( 'NONE', #1029, 1000.000000000000000 ) ;
#1666 =( NAMED_UNIT ( * ) PLANE_ANGLE_UNIT ( ) SI_UNIT ( $, .RADIAN. ) );
#1667 = FACE_OUTER_BOUND ( 'NONE', #2377, .T. ) ;
#1668 =( NAMED_UNIT ( * ) PLANE_ANGLE_UNIT ( ) SI_UNIT ( $, .RADIAN. ) );
#1669 = LINE ( 'NONE', #1910, #1 ) ;
#1670 = PLANE ( 'NONE',  #1529 ) ;
#1671 = LINE ( 'NONE', #727, #2372 ) ;
#1672 = ORIENTED_EDGE ( 'NONE', *, *, #593, .T. ) ;
#1673 = EDGE_CURVE ( 'NONE', #1462, #1724, #2042, .T. ) ;
#1674 = FACE_OUTER_BOUND ( 'NONE', #328, .T. ) ;
#1675 = EDGE_LOOP ( 'NONE', ( #1848, #2219, #1700, #2414 ) ) ;
#1676 = FILL_AREA_STYLE_COLOUR ( '', #463 ) ;
#1677 = PRESENTATION_LAYER_ASSIGNMENT (  '', '', ( #1475 ) ) ;
#1678 = EDGE_CURVE ( 'NONE', #891, #686, #1671, .T. ) ;
#1679 = DIRECTION ( 'NONE',  ( -0.000000000000000000, -0.000000000000000000, 1.000000000000000000 ) ) ;
#1680 = VECTOR ( 'NONE', #1531, 1000.000000000000000 ) ;
#1681 = CARTESIAN_POINT ( 'NONE',  ( -0.4999999999999993339, 9.415236256020255823, 32.10000000000000142 ) ) ;
#1682 = PLANE ( 'NONE',  #772 ) ;
#1683 = VECTOR ( 'NONE', #1217, 1000.000000000000000 ) ;
#1684 = ORIENTED_EDGE ( 'NONE', *, *, #2182, .F. ) ;
#1685 = ORIENTED_EDGE ( 'NONE', *, *, #1096, .T. ) ;
#1686 = CARTESIAN_POINT ( 'NONE',  ( 3.164605178993667778, 23.99999999999999645, 0.000000000000000000 ) ) ;
#1687 = EDGE_CURVE ( 'NONE', #2343, #1950, #311, .T. ) ;
#1688 =( GEOMETRIC_REPRESENTATION_CONTEXT ( 3 ) GLOBAL_UNCERTAINTY_ASSIGNED_CONTEXT ( ( #2437 ) ) GLOBAL_UNIT_ASSIGNED_CONTEXT ( ( #1633, #86, #496 ) ) REPRESENTATION_CONTEXT ( 'NONE', 'WORKASPACE' ) );
#1689 = ORIENTED_EDGE ( 'NONE', *, *, #204, .T. ) ;
#1690 = CARTESIAN_POINT ( 'NONE',  ( 0.000000000000000000, 10.00000000000000000, 0.000000000000000000 ) ) ;
#1691 = MECHANICAL_DESIGN_GEOMETRIC_PRESENTATION_REPRESENTATION (  '', ( #1376 ), #367 ) ;
#1692 = DIRECTION ( 'NONE',  ( -0.000000000000000000, -1.000000000000000000, -0.000000000000000000 ) ) ;
#1693 = CARTESIAN_POINT ( 'NONE',  ( 3.039999999999997371, -4.000000000000000000, 31.50000000000000000 ) ) ;
#1694 = PLANE ( 'NONE',  #2158 ) ;
#1695 = CARTESIAN_POINT ( 'NONE',  ( -13.94634142835581336, 13.32471844702070918, 0.000000000000000000 ) ) ;
#1696 = VERTEX_POINT ( 'NONE', #497 ) ;
#1697 = DIRECTION ( 'NONE',  ( 0.000000000000000000, 0.000000000000000000, -1.000000000000000000 ) ) ;
#1698 = VERTEX_POINT ( 'NONE', #2231 ) ;
#1699 =( NAMED_UNIT ( * ) PLANE_ANGLE_UNIT ( ) SI_UNIT ( $, .RADIAN. ) );
#1700 = ORIENTED_EDGE ( 'NONE', *, *, #260, .F. ) ;
#1701 = DIRECTION ( 'NONE',  ( -8.081871625622360701E-18, 1.000000000000000000, -0.000000000000000000 ) ) ;
#1702 = ADVANCED_FACE ( 'NONE', ( #241 ), #677, .F. ) ;
#1703 = DIRECTION ( 'NONE',  ( -0.000000000000000000, -0.000000000000000000, 1.000000000000000000 ) ) ;
#1704 =( NAMED_UNIT ( * ) PLANE_ANGLE_UNIT ( ) SI_UNIT ( $, .RADIAN. ) );
#1705 = ORIENTED_EDGE ( 'NONE', *, *, #140, .T. ) ;
#1706 = EDGE_CURVE ( 'NONE', #2343, #1214, #1441, .T. ) ;
#1707 = PLANE ( 'NONE',  #659 ) ;
#1708 = FILL_AREA_STYLE_COLOUR ( '', #2260 ) ;
#1709 = LINE ( 'NONE', #810, #1152 ) ;
#1710 = ORIENTED_EDGE ( 'NONE', *, *, #55, .T. ) ;
#1711 = FACE_OUTER_BOUND ( 'NONE', #668, .T. ) ;
#1712 = SURFACE_SIDE_STYLE ('',( #157 ) ) ;
#1713 = MECHANICAL_DESIGN_GEOMETRIC_PRESENTATION_REPRESENTATION (  '', ( #685 ), #521 ) ;
#1714 = LINE ( 'NONE', #550, #2336 ) ;
#1715 = AXIS2_PLACEMENT_3D ( 'NONE', #146, #346, #1346 ) ;
#1716 = LINE ( 'NONE', #1530, #2236 ) ;
#1717 =( NAMED_UNIT ( * ) SI_UNIT ( $, .STERADIAN. ) SOLID_ANGLE_UNIT ( ) );
#1718 = VECTOR ( 'NONE', #882, 1000.000000000000000 ) ;
#1719 = EDGE_CURVE ( 'NONE', #581, #1241, #1648, .T. ) ;
#1720 = ORIENTED_EDGE ( 'NONE', *, *, #1752, .T. ) ;
#1721 = UNCERTAINTY_MEASURE_WITH_UNIT (LENGTH_MEASURE( 1.000000000000000082E-05 ), #631, 'distance_accuracy_value', 'NONE');
#1722 = VERTEX_POINT ( 'NONE', #2026 ) ;
#1723 = AXIS2_PLACEMENT_3D ( 'NONE', #2108, #404, #1012 ) ;
#1724 = VERTEX_POINT ( 'NONE', #901 ) ;
#1725 = LINE ( 'NONE', #2256, #1440 ) ;
#1726 = SURFACE_SIDE_STYLE ('',( #2279 ) ) ;
#1727 = ORIENTED_EDGE ( 'NONE', *, *, #2133, .F. ) ;
#1728 = AXIS2_PLACEMENT_3D ( 'NONE', #512, #313, #138 ) ;
#1729 = DIRECTION ( 'NONE',  ( -0.000000000000000000, 0.000000000000000000, -1.000000000000000000 ) ) ;
#1730 = CARTESIAN_POINT ( 'NONE',  ( -0.4999999999999993339, 9.415236256020255823, 32.10000000000000142 ) ) ;
#1731 = PRESENTATION_LAYER_ASSIGNMENT (  '', '', ( #1653 ) ) ;
#1732 = CARTESIAN_POINT ( 'NONE',  ( 2.281459547646601305, 23.99999999999999645, 30.00000000000000000 ) ) ;
#1733 = MECHANICAL_DESIGN_GEOMETRIC_PRESENTATION_REPRESENTATION (  '', ( #1409 ), #1612 ) ;
#1734 = EDGE_LOOP ( 'NONE', ( #1845, #1104, #314, #1135 ) ) ;
#1735 = FILL_AREA_STYLE ('',( #1322 ) ) ;
#1736 = DIRECTION ( 'NONE',  ( 0.000000000000000000, 0.000000000000000000, 1.000000000000000000 ) ) ;
#1737 = ADVANCED_FACE ( 'NONE', ( #2218 ), #591, .F. ) ;
#1738 = EDGE_CURVE ( 'NONE', #2270, #2398, #108, .T. ) ;
#1739 = VERTEX_POINT ( 'NONE', #1136 ) ;
#1740 = DIRECTION ( 'NONE',  ( 1.000000000000000000, 0.000000000000000000, -0.000000000000000000 ) ) ;
#1741 = LINE ( 'NONE', #437, #730 ) ;
#1742 = CARTESIAN_POINT ( 'NONE',  ( -13.94634142835581336, 13.32471844702070918, 30.00000000000000000 ) ) ;
#1743 = EDGE_CURVE ( 'NONE', #554, #2000, #174, .T. ) ;
#1744 = VERTEX_POINT ( 'NONE', #740 ) ;
#1745 = PLANE ( 'NONE',  #451 ) ;
#1746 = STYLED_ITEM ( 'NONE', ( #1019 ), #2358 ) ;
#1747 = PLANE ( 'NONE',  #1728 ) ;
#1748 = SURFACE_STYLE_USAGE ( .BOTH. , #1726 ) ;
#1749 = PRODUCT_CONTEXT ( 'NONE', #1284, 'mechanical' ) ;
#1750 = EDGE_LOOP ( 'NONE', ( #1418, #1593, #2057, #534, #2326 ) ) ;
#1751 = FILL_AREA_STYLE_COLOUR ( '', #14 ) ;
#1752 = EDGE_CURVE ( 'NONE', #2368, #79, #562, .T. ) ;
#1753 = ORIENTED_EDGE ( 'NONE', *, *, #564, .T. ) ;
#1754 = CARTESIAN_POINT ( 'NONE',  ( 4.461725325034680445, 10.00000000000000000, 15.50000000000000178 ) ) ;
#1755 = CARTESIAN_POINT ( 'NONE',  ( -15.00000000000000000, 23.99999999999999289, 30.00000000000000000 ) ) ;
#1756 = AXIS2_PLACEMENT_3D ( 'NONE', #48, #637, #1816 ) ;
#1757 = ORIENTED_EDGE ( 'NONE', *, *, #2003, .T. ) ;
#1758 = STYLED_ITEM ( 'NONE', ( #1326 ), #1543 ) ;
#1759 = DIRECTION ( 'NONE',  ( 1.000000000000000000, 2.312964634635742957E-16, 0.000000000000000000 ) ) ;
#1760 = ORIENTED_EDGE ( 'NONE', *, *, #107, .T. ) ;
#1761 = DIRECTION ( 'NONE',  ( 1.000000000000000000, 0.000000000000000000, 1.944005232956965261E-16 ) ) ;
#1762 = DIRECTION ( 'NONE',  ( 0.000000000000000000, -1.000000000000000000, 0.000000000000000000 ) ) ;
#1763 = VECTOR ( 'NONE', #963, 1000.000000000000000 ) ;
#1764 = VERTEX_POINT ( 'NONE', #919 ) ;
#1765 = CARTESIAN_POINT ( 'NONE',  ( -4.461725325034680445, 8.500000000000000000, 31.50000000000000000 ) ) ;
#1766 = SURFACE_SIDE_STYLE ('',( #800 ) ) ;
#1767 = DIRECTION ( 'NONE',  ( -1.000000000000000000, 0.000000000000000000, -0.000000000000000000 ) ) ;
#1768 =( NAMED_UNIT ( * ) PLANE_ANGLE_UNIT ( ) SI_UNIT ( $, .RADIAN. ) );
#1769 = CIRCLE ( 'NONE', #965, 1.500000000000001332 ) ;
#1770 = DIRECTION ( 'NONE',  ( -0.000000000000000000, -1.000000000000000000, -0.000000000000000000 ) ) ;
#1771 = VECTOR ( 'NONE', #779, 1000.000000000000000 ) ;
#1772 = ORIENTED_EDGE ( 'NONE', *, *, #1645, .T. ) ;
#1773 = AXIS2_PLACEMENT_3D ( 'NONE', #1476, #1304, #928 ) ;
#1774 = CARTESIAN_POINT ( 'NONE',  ( -4.461725325034680445, 8.500000000000000000, 15.50000000000000000 ) ) ;
#1775 = SURFACE_STYLE_USAGE ( .BOTH. , #1006 ) ;
#1776 = EDGE_CURVE ( 'NONE', #1764, #1061, #932, .T. ) ;
#1777 = DIRECTION ( 'NONE',  ( 0.000000000000000000, 0.000000000000000000, 1.000000000000000000 ) ) ;
#1778 = ORIENTED_EDGE ( 'NONE', *, *, #1219, .F. ) ;
#1779 = DIRECTION ( 'NONE',  ( -1.000000000000000000, -0.000000000000000000, -0.000000000000000000 ) ) ;
#1780 =( NAMED_UNIT ( * ) PLANE_ANGLE_UNIT ( ) SI_UNIT ( $, .RADIAN. ) );
#1781 = DIRECTION ( 'NONE',  ( -0.000000000000000000, -1.000000000000000000, -0.000000000000000000 ) ) ;
#1782 = FILL_AREA_STYLE ('',( #817 ) ) ;
#1783 = ADVANCED_FACE ( 'NONE', ( #944 ), #188, .F. ) ;
#1784 = CARTESIAN_POINT ( 'NONE',  ( -4.231739483538040858, 23.99999999999999289, 0.000000000000000000 ) ) ;
#1785 = AXIS2_PLACEMENT_3D ( 'NONE', #385, #1777, #1160 ) ;
#1786 = FACE_OUTER_BOUND ( 'NONE', #587, .T. ) ;
#1787 = ORIENTED_EDGE ( 'NONE', *, *, #2169, .T. ) ;
#1788 =( NAMED_UNIT ( * ) PLANE_ANGLE_UNIT ( ) SI_UNIT ( $, .RADIAN. ) );
#1789 = CARTESIAN_POINT ( 'NONE',  ( 2.039999999999997371, 9.415236256020255823, 32.10000000000000142 ) ) ;
#1790 = DIRECTION ( 'NONE',  ( 0.000000000000000000, -1.000000000000000000, 0.000000000000000000 ) ) ;
#1791 = CARTESIAN_POINT ( 'NONE',  ( 0.000000000000000000, 0.000000000000000000, 31.50000000000000000 ) ) ;
#1792 = ORIENTED_EDGE ( 'NONE', *, *, #290, .T. ) ;
#1793 = UNCERTAINTY_MEASURE_WITH_UNIT (LENGTH_MEASURE( 1.000000000000000082E-05 ), #335, 'distance_accuracy_value', 'NONE');
#1794 = DIRECTION ( 'NONE',  ( 0.000000000000000000, -0.1218693434051475177, 0.9925461516413220942 ) ) ;
#1795 = AXIS2_PLACEMENT_3D ( 'NONE', #128, #1472, #369 ) ;
#1796 = SURFACE_STYLE_FILL_AREA ( #1025 ) ;
#1797 = STYLED_ITEM ( 'NONE', ( #2013 ), #1702 ) ;
#1798 = VECTOR ( 'NONE', #1692, 1000.000000000000000 ) ;
#1799 = VERTEX_POINT ( 'NONE', #1695 ) ;
#1800 =( NAMED_UNIT ( * ) PLANE_ANGLE_UNIT ( ) SI_UNIT ( $, .RADIAN. ) );
#1801 = STYLED_ITEM ( 'NONE', ( #158 ), #76 ) ;
#1802 =( NAMED_UNIT ( * ) PLANE_ANGLE_UNIT ( ) SI_UNIT ( $, .RADIAN. ) );
#1803 = FILL_AREA_STYLE_COLOUR ( '', #527 ) ;
#1804 = LINE ( 'NONE', #465, #1808 ) ;
#1805 = LINE ( 'NONE', #2039, #2147 ) ;
#1806 = DIRECTION ( 'NONE',  ( 7.228014483236698281E-17, -1.000000000000000000, 0.000000000000000000 ) ) ;
#1807 = EDGE_CURVE ( 'NONE', #2014, #1246, #954, .T. ) ;
#1808 = VECTOR ( 'NONE', #2168, 1000.000000000000000 ) ;
#1809 = ORIENTED_EDGE ( 'NONE', *, *, #377, .T. ) ;
#1810 = AXIS2_PLACEMENT_3D ( 'NONE', #961, #1028, #1976 ) ;
#1811 = ORIENTED_EDGE ( 'NONE', *, *, #1706, .F. ) ;
#1812 = EDGE_CURVE ( 'NONE', #1157, #265, #2332, .T. ) ;
#1813 = SURFACE_STYLE_FILL_AREA ( #1041 ) ;
#1814 =( NAMED_UNIT ( * ) SI_UNIT ( $, .STERADIAN. ) SOLID_ANGLE_UNIT ( ) );
#1815 = DIRECTION ( 'NONE',  ( -1.000000000000000000, -0.000000000000000000, -0.000000000000000000 ) ) ;
#1816 = DIRECTION ( 'NONE',  ( 0.000000000000000000, 0.000000000000000000, 1.000000000000000000 ) ) ;
#1817 = VERTEX_POINT ( 'NONE', #628 ) ;
#1818 = LINE ( 'NONE', #1998, #858 ) ;
#1819 =( NAMED_UNIT ( * ) SI_UNIT ( $, .STERADIAN. ) SOLID_ANGLE_UNIT ( ) );
#1820 = ORIENTED_EDGE ( 'NONE', *, *, #855, .T. ) ;
#1821 =( NAMED_UNIT ( * ) PLANE_ANGLE_UNIT ( ) SI_UNIT ( $, .RADIAN. ) );
#1822 = ORIENTED_EDGE ( 'NONE', *, *, #1119, .T. ) ;
#1823 = FACE_OUTER_BOUND ( 'NONE', #493, .T. ) ;
#1824 = CARTESIAN_POINT ( 'NONE',  ( -3.040000000000000036, 9.415236256020255823, 31.50000000000000000 ) ) ;
#1825 = FACE_OUTER_BOUND ( 'NONE', #1572, .T. ) ;
#1826 = CARTESIAN_POINT ( 'NONE',  ( -4.231739483538040858, 11.88960679608172022, 30.00000000000000000 ) ) ;
#1827 = ADVANCED_FACE ( 'NONE', ( #1014 ), #1945, .F. ) ;
#1828 = ORIENTED_EDGE ( 'NONE', *, *, #191, .T. ) ;
#1829 = CARTESIAN_POINT ( 'NONE',  ( -0.4999999999999993339, -4.000000000000000000, 32.10000000000000142 ) ) ;
#1830 = ORIENTED_EDGE ( 'NONE', *, *, #33, .F. ) ;
#1831 = LINE ( 'NONE', #2029, #1525 ) ;
#1832 = ORIENTED_EDGE ( 'NONE', *, *, #1928, .T. ) ;
#1833 = AXIS2_PLACEMENT_3D ( 'NONE', #2089, #1867, #381 ) ;
#1834 = AXIS2_PLACEMENT_3D ( 'NONE', #732, #2409, #1102 ) ;
#1835 = DIRECTION ( 'NONE',  ( 0.000000000000000000, 1.000000000000000000, 0.000000000000000000 ) ) ;
#1836 = VECTOR ( 'NONE', #1996, 1000.000000000000000 ) ;
#1837 = ADVANCED_FACE ( 'NONE', ( #1207 ), #2300, .F. ) ;
#1838 = FILL_AREA_STYLE ('',( #1708 ) ) ;
#1839 = VECTOR ( 'NONE', #1065, 1000.000000000000000 ) ;
#1840 = CARTESIAN_POINT ( 'NONE',  ( 14.99999999999999822, 0.000000000000000000, 30.00000000000000000 ) ) ;
#1841 = SURFACE_SIDE_STYLE ('',( #1267 ) ) ;
#1842 = EDGE_LOOP ( 'NONE', ( #2278, #2053, #1631, #2258 ) ) ;
#1843 = FACE_OUTER_BOUND ( 'NONE', #1126, .T. ) ;
#1844 =( GEOMETRIC_REPRESENTATION_CONTEXT ( 3 ) GLOBAL_UNCERTAINTY_ASSIGNED_CONTEXT ( ( #1517 ) ) GLOBAL_UNIT_ASSIGNED_CONTEXT ( ( #525, #1821, #2220 ) ) REPRESENTATION_CONTEXT ( 'NONE', 'WORKASPACE' ) );
#1845 = ORIENTED_EDGE ( 'NONE', *, *, #1001, .T. ) ;
#1846 = CARTESIAN_POINT ( 'NONE',  ( 0.5000000000000005551, 8.500000000000000000, 31.50000000000000000 ) ) ;
#1847 = AXIS2_PLACEMENT_3D ( 'NONE', #96, #2367, #1469 ) ;
#1848 = ORIENTED_EDGE ( 'NONE', *, *, #1444, .F. ) ;
#1849 = DIRECTION ( 'NONE',  ( -1.000000000000000000, 0.000000000000000000, -0.000000000000000000 ) ) ;
#1850 =( NAMED_UNIT ( * ) PLANE_ANGLE_UNIT ( ) SI_UNIT ( $, .RADIAN. ) );
#1851 = VECTOR ( 'NONE', #1202, 1000.000000000000000 ) ;
#1852 = PLANE ( 'NONE',  #1251 ) ;
#1853 = CARTESIAN_POINT ( 'NONE',  ( 15.00000000000000000, 24.00000000000000000, 30.00000000000000000 ) ) ;
#1854 = EDGE_LOOP ( 'NONE', ( #2329, #1296, #2105, #450 ) ) ;
#1855 = LINE ( 'NONE', #2403, #2077 ) ;
#1856 = DIRECTION ( 'NONE',  ( -0.000000000000000000, -0.000000000000000000, 1.000000000000000000 ) ) ;
#1857 = DIRECTION ( 'NONE',  ( 4.336808689942019215E-16, -1.000000000000000000, 0.000000000000000000 ) ) ;
#1858 = EDGE_CURVE ( 'NONE', #911, #2059, #1605, .T. ) ;
#1859 = ORIENTED_EDGE ( 'NONE', *, *, #1896, .T. ) ;
#1860 = PRESENTATION_STYLE_ASSIGNMENT (( #621 ) ) ;
#1861 = EDGE_CURVE ( 'NONE', #747, #2328, #1979, .T. ) ;
#1862 = CARTESIAN_POINT ( 'NONE',  ( -3.238200648272584914, 13.43511165093909376, 30.00000000000000000 ) ) ;
#1863 = DIRECTION ( 'NONE',  ( 0.000000000000000000, -1.000000000000000000, 0.000000000000000000 ) ) ;
#1864 = LINE ( 'NONE', #170, #1452 ) ;
#1865 = FACE_OUTER_BOUND ( 'NONE', #2352, .T. ) ;
#1866 = CARTESIAN_POINT ( 'NONE',  ( -4.461725325034680445, 8.500000000000000000, 31.50000000000000000 ) ) ;
#1867 = DIRECTION ( 'NONE',  ( 0.000000000000000000, -1.000000000000000000, 0.000000000000000000 ) ) ;
#1868 = ORIENTED_EDGE ( 'NONE', *, *, #372, .T. ) ;
#1869 = CARTESIAN_POINT ( 'NONE',  ( 3.164605178993673107, 12.00000000000000000, 30.00000000000000000 ) ) ;
#1870 = EDGE_CURVE ( 'NONE', #1489, #1185, #1167, .T. ) ;
#1871 = VERTEX_POINT ( 'NONE', #236 ) ;
#1872 = LINE ( 'NONE', #152, #1392 ) ;
#1873 = ADVANCED_FACE ( 'NONE', ( #419 ), #430, .F. ) ;
#1874 = VECTOR ( 'NONE', #122, 1000.000000000000000 ) ;
#1875 = VERTEX_POINT ( 'NONE', #1826 ) ;
#1876 = AXIS2_PLACEMENT_3D ( 'NONE', #586, #982, #2129 ) ;
#1877 = PLANE ( 'NONE',  #1773 ) ;
#1878 = MECHANICAL_DESIGN_GEOMETRIC_PRESENTATION_REPRESENTATION (  '', ( #1797 ), #2109 ) ;
#1879 = LINE ( 'NONE', #929, #1798 ) ;
#1880 = VECTOR ( 'NONE', #560, 1000.000000000000000 ) ;
#1881 = SURFACE_STYLE_USAGE ( .BOTH. , #1108 ) ;
#1882 = CARTESIAN_POINT ( 'NONE',  ( -15.00000000000000000, 23.99999999999999289, 30.00000000000000000 ) ) ;
#1883 = CARTESIAN_POINT ( 'NONE',  ( -15.00000000000000000, 23.99999999999999289, 30.00000000000000000 ) ) ;
#1884 = VECTOR ( 'NONE', #505, 1000.000000000000000 ) ;
#1885 = ORIENTED_EDGE ( 'NONE', *, *, #1254, .T. ) ;
#1886 =( NAMED_UNIT ( * ) PLANE_ANGLE_UNIT ( ) SI_UNIT ( $, .RADIAN. ) );
#1887 = EDGE_LOOP ( 'NONE', ( #1963, #2445, #784, #353 ) ) ;
#1888 = SURFACE_STYLE_FILL_AREA ( #2081 ) ;
#1889 = FILL_AREA_STYLE_COLOUR ( '', #338 ) ;
#1890 = EDGE_CURVE ( 'NONE', #2148, #1650, #94, .T. ) ;
#1891 = VECTOR ( 'NONE', #2078, 1000.000000000000000 ) ;
#1892 = ORIENTED_EDGE ( 'NONE', *, *, #981, .T. ) ;
#1893 = FILL_AREA_STYLE_COLOUR ( '', #1897 ) ;
#1894 = VECTOR ( 'NONE', #2375, 1000.000000000000000 ) ;
#1895 = CARTESIAN_POINT ( 'NONE',  ( 1.836970198721030427E-16, 24.00000000000000000, 20.00000000000000000 ) ) ;
#1896 = EDGE_CURVE ( 'NONE', #1739, #1241, #1423, .T. ) ;
#1897 = COLOUR_RGB ( '',0.2509803921568627416, 0.2509803921568627416, 0.2509803921568627416 ) ;
#1898 = CARTESIAN_POINT ( 'NONE',  ( -9.641006475538844711, 23.99999999999999289, 0.000000000000000000 ) ) ;
#1899 = CARTESIAN_POINT ( 'NONE',  ( -3.040000000000000036, -4.000000000000000000, 31.50000000000000000 ) ) ;
#1900 = EDGE_LOOP ( 'NONE', ( #990, #127, #1091, #875 ) ) ;
#1901 = UNCERTAINTY_MEASURE_WITH_UNIT (LENGTH_MEASURE( 1.000000000000000082E-05 ), #269, 'distance_accuracy_value', 'NONE');
#1902 = ORIENTED_EDGE ( 'NONE', *, *, #1442, .T. ) ;
#1903 =( NAMED_UNIT ( * ) SI_UNIT ( $, .STERADIAN. ) SOLID_ANGLE_UNIT ( ) );
#1904 = ORIENTED_EDGE ( 'NONE', *, *, #2239, .T. ) ;
#1905 = DIRECTION ( 'NONE',  ( 1.000000000000000000, 0.000000000000000000, 0.000000000000000000 ) ) ;
#1906 = CARTESIAN_POINT ( 'NONE',  ( 0.5000000000000005551, 9.415236256020255823, 31.50000000000000000 ) ) ;
#1907 = CARTESIAN_POINT ( 'NONE',  ( -4.461725325034680445, 8.500000000000000000, 31.50000000000000000 ) ) ;
#1908 = ORIENTED_EDGE ( 'NONE', *, *, #1956, .F. ) ;
#1909 = LINE ( 'NONE', #375, #1158 ) ;
#1910 = CARTESIAN_POINT ( 'NONE',  ( -3.238200648272584914, 23.99999999999999645, 0.000000000000000000 ) ) ;
#1911 = DIRECTION ( 'NONE',  ( -0.000000000000000000, -0.000000000000000000, -1.000000000000000000 ) ) ;
#1912 = DIRECTION ( 'NONE',  ( 1.000000000000000000, 2.312964634635742957E-16, 0.000000000000000000 ) ) ;
#1913 = CARTESIAN_POINT ( 'NONE',  ( -13.94634142835581336, 13.32471844702070918, 0.000000000000000000 ) ) ;
#1914 = DIRECTION ( 'NONE',  ( 0.000000000000000000, -1.000000000000000000, 0.000000000000000000 ) ) ;
#1915 = ORIENTED_EDGE ( 'NONE', *, *, #2242, .T. ) ;
#1916 = LINE ( 'NONE', #2085, #568 ) ;
#1917 = AXIS2_PLACEMENT_3D ( 'NONE', #557, #1849, #712 ) ;
#1918 = CARTESIAN_POINT ( 'NONE',  ( -14.99999999999999822, 0.000000000000000000, 30.00000000000000000 ) ) ;
#1919 = DIRECTION ( 'NONE',  ( -0.000000000000000000, 1.000000000000000000, -0.000000000000000000 ) ) ;
#1920 = SURFACE_STYLE_FILL_AREA ( #2061 ) ;
#1921 = ADVANCED_FACE ( 'NONE', ( #2357 ), #1435, .F. ) ;
#1922 = ORIENTED_EDGE ( 'NONE', *, *, #183, .F. ) ;
#1923 = UNCERTAINTY_MEASURE_WITH_UNIT (LENGTH_MEASURE( 1.000000000000000082E-05 ), #1432, 'distance_accuracy_value', 'NONE');
#1924 = ADVANCED_FACE ( 'NONE', ( #2376 ), #322, .T. ) ;
#1925 = AXIS2_PLACEMENT_3D ( 'NONE', #2021, #1043, #1413 ) ;
#1926 = MECHANICAL_DESIGN_GEOMETRIC_PRESENTATION_REPRESENTATION (  '', ( #78 ), #1562 ) ;
#1927 = ORIENTED_EDGE ( 'NONE', *, *, #571, .T. ) ;
#1928 = EDGE_CURVE ( 'NONE', #312, #2343, #1034, .T. ) ;
#1929 = PLANE ( 'NONE',  #827 ) ;
#1930 = LINE ( 'NONE', #1205, #850 ) ;
#1931 =( GEOMETRIC_REPRESENTATION_CONTEXT ( 3 ) GLOBAL_UNCERTAINTY_ASSIGNED_CONTEXT ( ( #2347 ) ) GLOBAL_UNIT_ASSIGNED_CONTEXT ( ( #2313, #1768, #1592 ) ) REPRESENTATION_CONTEXT ( 'NONE', 'WORKASPACE' ) );
#1932 = PLANE ( 'NONE',  #11 ) ;
#1933 = STYLED_ITEM ( 'NONE', ( #1018 ), #1492 ) ;
#1934 = VERTEX_POINT ( 'NONE', #2365 ) ;
#1935 = ORIENTED_EDGE ( 'NONE', *, *, #618, .T. ) ;
#1936 = EDGE_CURVE ( 'NONE', #974, #1489, #870, .T. ) ;
#1937 = LINE ( 'NONE', #821, #446 ) ;
#1938 =( NAMED_UNIT ( * ) PLANE_ANGLE_UNIT ( ) SI_UNIT ( $, .RADIAN. ) );
#1939 = EDGE_CURVE ( 'NONE', #1241, #12, #1805, .T. ) ;
#1940 = ORIENTED_EDGE ( 'NONE', *, *, #793, .F. ) ;
#1941 = PLANE ( 'NONE',  #1086 ) ;
#1942 = CARTESIAN_POINT ( 'NONE',  ( 4.461725325034680445, 8.500000000000000000, 15.50000000000000178 ) ) ;
#1943 = DIRECTION ( 'NONE',  ( -0.000000000000000000, -0.000000000000000000, -1.000000000000000000 ) ) ;
#1944 = DIRECTION ( 'NONE',  ( 0.000000000000000000, -1.000000000000000000, 0.000000000000000000 ) ) ;
#1945 = PLANE ( 'NONE',  #1197 ) ;
#1946 = ORIENTED_EDGE ( 'NONE', *, *, #2083, .T. ) ;
#1947 = FILL_AREA_STYLE_COLOUR ( '', #536 ) ;
#1948 = DIRECTION ( 'NONE',  ( -0.1209742911513546071, 0.9852565360152931717, 0.1209742911513545932 ) ) ;
#1949 = FACE_OUTER_BOUND ( 'NONE', #2127, .T. ) ;
#1950 = VERTEX_POINT ( 'NONE', #675 ) ;
#1951 = CARTESIAN_POINT ( 'NONE',  ( 15.00000000000000000, 24.00000000000000000, 30.00000000000000000 ) ) ;
#1952 = CARTESIAN_POINT ( 'NONE',  ( -15.00000000000000000, 23.99999999999999289, 30.00000000000000000 ) ) ;
#1953 = CARTESIAN_POINT ( 'NONE',  ( 15.00000000000000000, 24.00000000000000000, 30.00000000000000000 ) ) ;
#1954 = ORIENTED_EDGE ( 'NONE', *, *, #2286, .F. ) ;
#1955 = AXIS2_PLACEMENT_3D ( 'NONE', #519, #1415, #2190 ) ;
#1956 = EDGE_CURVE ( 'NONE', #300, #460, #84, .T. ) ;
#1957 = LINE ( 'NONE', #1003, #966 ) ;
#1958 = VECTOR ( 'NONE', #283, 1000.000000000000000 ) ;
#1959 = ORIENTED_EDGE ( 'NONE', *, *, #1896, .F. ) ;
#1960 =( GEOMETRIC_REPRESENTATION_CONTEXT ( 3 ) GLOBAL_UNCERTAINTY_ASSIGNED_CONTEXT ( ( #1923 ) ) GLOBAL_UNIT_ASSIGNED_CONTEXT ( ( #1432, #258, #166 ) ) REPRESENTATION_CONTEXT ( 'NONE', 'WORKASPACE' ) );
#1961 =( NAMED_UNIT ( * ) SI_UNIT ( $, .STERADIAN. ) SOLID_ANGLE_UNIT ( ) );
#1962 = CARTESIAN_POINT ( 'NONE',  ( 3.164605178993667778, 23.99999999999999645, 0.000000000000000000 ) ) ;
#1963 = ORIENTED_EDGE ( 'NONE', *, *, #1187, .F. ) ;
#1964 = DIRECTION ( 'NONE',  ( -0.000000000000000000, -0.000000000000000000, -1.000000000000000000 ) ) ;
#1965 = DIRECTION ( 'NONE',  ( 0.000000000000000000, -1.000000000000000000, 0.000000000000000000 ) ) ;
#1966 = EDGE_CURVE ( 'NONE', #1151, #182, #862, .T. ) ;
#1967 = CARTESIAN_POINT ( 'NONE',  ( -4.461725325034680445, 8.500000000000000000, 15.50000000000000000 ) ) ;
#1968 = SURFACE_STYLE_USAGE ( .BOTH. , #839 ) ;
#1969 = EDGE_CURVE ( 'NONE', #514, #877, #2345, .T. ) ;
#1970 =( GEOMETRIC_REPRESENTATION_CONTEXT ( 3 ) GLOBAL_UNCERTAINTY_ASSIGNED_CONTEXT ( ( #1015 ) ) GLOBAL_UNIT_ASSIGNED_CONTEXT ( ( #2416, #1886, #1903 ) ) REPRESENTATION_CONTEXT ( 'NONE', 'WORKASPACE' ) );
#1971 = CARTESIAN_POINT ( 'NONE',  ( 4.461725325034680445, 8.500000000000000000, 15.50000000000000178 ) ) ;
#1972 = VECTOR ( 'NONE', #1000, 1000.000000000000000 ) ;
#1973 = EDGE_LOOP ( 'NONE', ( #552, #2087, #277, #195, #447, #147 ) ) ;
#1974 = DIRECTION ( 'NONE',  ( 1.000000000000000000, 2.312964634635742957E-16, 0.000000000000000000 ) ) ;
#1975 = ORIENTED_EDGE ( 'NONE', *, *, #323, .T. ) ;
#1976 = DIRECTION ( 'NONE',  ( -2.891205793294679312E-16, 1.000000000000000000, 0.000000000000000000 ) ) ;
#1977 = LINE ( 'NONE', #2141, #885 ) ;
#1978 = PRESENTATION_STYLE_ASSIGNMENT (( #664 ) ) ;
#1979 = LINE ( 'NONE', #1755, #1238 ) ;
#1980 = VERTEX_POINT ( 'NONE', #308 ) ;
#1981 =( NAMED_UNIT ( * ) PLANE_ANGLE_UNIT ( ) SI_UNIT ( $, .RADIAN. ) );
#1982 = ORIENTED_EDGE ( 'NONE', *, *, #1645, .F. ) ;
#1983 = CARTESIAN_POINT ( 'NONE',  ( -3.040000000000000036, -4.000000000000000000, 31.50000000000000000 ) ) ;
#1984 = DIRECTION ( 'NONE',  ( 7.228014483236695816E-17, 1.000000000000000000, -0.000000000000000000 ) ) ;
#1985 = ORIENTED_EDGE ( 'NONE', *, *, #1153, .T. ) ;
#1986 = CARTESIAN_POINT ( 'NONE',  ( 4.093371642325966064, 5.500000000000000888, 22.86835368270871172 ) ) ;
#1987 = EDGE_CURVE ( 'NONE', #1799, #144, #1619, .T. ) ;
#1988 =( GEOMETRIC_REPRESENTATION_CONTEXT ( 3 ) GLOBAL_UNCERTAINTY_ASSIGNED_CONTEXT ( ( #2159 ) ) GLOBAL_UNIT_ASSIGNED_CONTEXT ( ( #1386, #623, #9 ) ) REPRESENTATION_CONTEXT ( 'NONE', 'WORKASPACE' ) );
#1989 = VECTOR ( 'NONE', #60, 1000.000000000000000 ) ;
#1990 = EDGE_LOOP ( 'NONE', ( #945, #124, #202, #2318 ) ) ;
#1991 = FACE_OUTER_BOUND ( 'NONE', #617, .T. ) ;
#1992 = PRESENTATION_LAYER_ASSIGNMENT (  '', '', ( #1035 ) ) ;
#1993 = EDGE_CURVE ( 'NONE', #2398, #2270, #1396, .T. ) ;
#1994 = FILL_AREA_STYLE_COLOUR ( '', #1437 ) ;
#1995 = LINE ( 'NONE', #1414, #1894 ) ;
#1996 = DIRECTION ( 'NONE',  ( -0.000000000000000000, 1.000000000000000000, -0.000000000000000000 ) ) ;
#1997 = VERTEX_POINT ( 'NONE', #684 ) ;
#1998 = CARTESIAN_POINT ( 'NONE',  ( 8.242692559239324979, 23.99999999999999645, 0.000000000000000000 ) ) ;
#1999 = FILL_AREA_STYLE_COLOUR ( '', #1277 ) ;
#2000 = VERTEX_POINT ( 'NONE', #474 ) ;
#2001 = CARTESIAN_POINT ( 'NONE',  ( 13.05365857164418664, 10.00000000000000000, 0.000000000000000000 ) ) ;
#2002 = MECHANICAL_DESIGN_GEOMETRIC_PRESENTATION_REPRESENTATION (  '', ( #1450 ), #1656 ) ;
#2003 = EDGE_CURVE ( 'NONE', #1614, #1293, #1240, .T. ) ;
#2004 = ORIENTED_EDGE ( 'NONE', *, *, #674, .F. ) ;
#2005 = EDGE_CURVE ( 'NONE', #1980, #1632, #2023, .T. ) ;
#2006 = SURFACE_SIDE_STYLE ('',( #115 ) ) ;
#2007 = SURFACE_SIDE_STYLE ('',( #1274 ) ) ;
#2008 = LINE ( 'NONE', #699, #482 ) ;
#2009 = FILL_AREA_STYLE ('',( #2390 ) ) ;
#2010 = FACE_BOUND ( 'NONE', #1471, .T. ) ;
#2011 = EDGE_LOOP ( 'NONE', ( #1635, #31, #2232, #378 ) ) ;
#2012 = CARTESIAN_POINT ( 'NONE',  ( 13.05365857164418664, 0.000000000000000000, 0.000000000000000000 ) ) ;
#2013 = PRESENTATION_STYLE_ASSIGNMENT (( #1775 ) ) ;
#2014 = VERTEX_POINT ( 'NONE', #1253 ) ;
#2015 = COLOUR_RGB ( '',0.2509803921568627416, 0.2509803921568627416, 0.2509803921568627416 ) ;
#2016 = CARTESIAN_POINT ( 'NONE',  ( 0.000000000000000000, 24.00000000000000000, 18.50000000000000000 ) ) ;
#2017 = ORIENTED_EDGE ( 'NONE', *, *, #1969, .T. ) ;
#2018 = FILL_AREA_STYLE_COLOUR ( '', #2015 ) ;
#2019 = VECTOR ( 'NONE', #949, 1000.000000000000000 ) ;
#2020 = ADVANCED_FACE ( 'NONE', ( #2010, #1643 ), #702, .F. ) ;
#2021 = CARTESIAN_POINT ( 'NONE',  ( 0.000000000000000000, 0.000000000000000000, 0.000000000000000000 ) ) ;
#2022 = FACE_OUTER_BOUND ( 'NONE', #556, .T. ) ;
#2023 = LINE ( 'NONE', #1069, #648 ) ;
#2024 = ORIENTED_EDGE ( 'NONE', *, *, #943, .T. ) ;
#2025 = SURFACE_SIDE_STYLE ('',( #106 ) ) ;
#2026 = CARTESIAN_POINT ( 'NONE',  ( -0.4999999999999993339, -4.000000000000000000, 31.50000000000000000 ) ) ;
#2027 = ADVANCED_FACE ( 'NONE', ( #1147 ), #576, .T. ) ;
#2028 = ORIENTED_EDGE ( 'NONE', *, *, #204, .F. ) ;
#2029 = CARTESIAN_POINT ( 'NONE',  ( -14.99999999999999822, 0.000000000000000000, 30.00000000000000000 ) ) ;
#2030 = MECHANICAL_DESIGN_GEOMETRIC_PRESENTATION_REPRESENTATION (  '', ( #109 ), #1109 ) ;
#2031 = COLOUR_RGB ( '',0.2509803921568627416, 0.2509803921568627416, 0.2509803921568627416 ) ;
#2032 = EDGE_CURVE ( 'NONE', #1934, #12, #1916, .T. ) ;
#2033 =( LENGTH_UNIT ( ) NAMED_UNIT ( * ) SI_UNIT ( .MILLI., .METRE. ) );
#2034 = VECTOR ( 'NONE', #1984, 1000.000000000000000 ) ;
#2035 = PLANE ( 'NONE',  #960 ) ;
#2036 = VECTOR ( 'NONE', #802, 1000.000000000000000 ) ;
#2037 = CARTESIAN_POINT ( 'NONE',  ( 2.281459547646601305, 13.43511165093909376, 30.00000000000000000 ) ) ;
#2038 = EDGE_CURVE ( 'NONE', #708, #2059, #1909, .T. ) ;
#2039 = CARTESIAN_POINT ( 'NONE',  ( -4.461725325034680445, 10.00000000000000000, 15.50000000000000000 ) ) ;
#2040 = ORIENTED_EDGE ( 'NONE', *, *, #2065, .T. ) ;
#2041 = DIRECTION ( 'NONE',  ( -0.000000000000000000, -0.000000000000000000, -1.000000000000000000 ) ) ;
#2042 = LINE ( 'NONE', #874, #1320 ) ;
#2043 = VERTEX_POINT ( 'NONE', #2402 ) ;
#2044 = CARTESIAN_POINT ( 'NONE',  ( -15.00000000000000000, 23.99999999999999289, 0.000000000000000000 ) ) ;
#2045 = VECTOR ( 'NONE', #225, 1000.000000000000000 ) ;
#2046 = MECHANICAL_DESIGN_GEOMETRIC_PRESENTATION_REPRESENTATION (  '', ( #583 ), #1931 ) ;
#2047 =( NAMED_UNIT ( * ) SI_UNIT ( $, .STERADIAN. ) SOLID_ANGLE_UNIT ( ) );
#2048 = LINE ( 'NONE', #153, #2019 ) ;
#2049 =( NAMED_UNIT ( * ) PLANE_ANGLE_UNIT ( ) SI_UNIT ( $, .RADIAN. ) );
#2050 = LINE ( 'NONE', #1480, #1482 ) ;
#2051 = CARTESIAN_POINT ( 'NONE',  ( -4.461725325034680445, 8.500000000000000000, 31.50000000000000000 ) ) ;
#2052 = DIRECTION ( 'NONE',  ( 2.312964634635742957E-16, -1.000000000000000000, 0.000000000000000000 ) ) ;
#2053 = ORIENTED_EDGE ( 'NONE', *, *, #2182, .T. ) ;
#2054 = VERTEX_POINT ( 'NONE', #356 ) ;
#2055 = CARTESIAN_POINT ( 'NONE',  ( 14.99999999999999822, 0.000000000000000000, 30.00000000000000000 ) ) ;
#2056 = PRESENTATION_STYLE_ASSIGNMENT (( #1486 ) ) ;
#2057 = ORIENTED_EDGE ( 'NONE', *, *, #585, .F. ) ;
#2058 = CARTESIAN_POINT ( 'NONE',  ( -2.040000000000000036, 9.415236256020255823, 31.50000000000000000 ) ) ;
#2059 = VERTEX_POINT ( 'NONE', #2228 ) ;
#2060 = CARTESIAN_POINT ( 'NONE',  ( 3.039999999999997371, 9.415236256020255823, 31.50000000000000000 ) ) ;
#2061 = FILL_AREA_STYLE ('',( #1150 ) ) ;
#2062 = ORIENTED_EDGE ( 'NONE', *, *, #360, .T. ) ;
#2063 = UNCERTAINTY_MEASURE_WITH_UNIT (LENGTH_MEASURE( 1.000000000000000082E-05 ), #864, 'distance_accuracy_value', 'NONE');
#2064 = CARTESIAN_POINT ( 'NONE',  ( 8.242692559239324979, 23.99999999999999645, 30.00000000000000000 ) ) ;
#2065 = EDGE_CURVE ( 'NONE', #756, #1214, #533, .T. ) ;
#2066 = ORIENTED_EDGE ( 'NONE', *, *, #1939, .T. ) ;
#2067 = FILL_AREA_STYLE_COLOUR ( '', #349 ) ;
#2068 = CARTESIAN_POINT ( 'NONE',  ( -13.94634142835581336, 10.00000000000000000, 30.00000000000000000 ) ) ;
#2069 = VECTOR ( 'NONE', #1269, 1000.000000000000000 ) ;
#2070 = ORIENTED_EDGE ( 'NONE', *, *, #2003, .F. ) ;
#2071 = VECTOR ( 'NONE', #167, 1000.000000000000000 ) ;
#2072 =( NAMED_UNIT ( * ) SI_UNIT ( $, .STERADIAN. ) SOLID_ANGLE_UNIT ( ) );
#2073 = AXIS2_PLACEMENT_3D ( 'NONE', #453, #814, #1564 ) ;
#2074 = ORIENTED_EDGE ( 'NONE', *, *, #191, .F. ) ;
#2075 = CARTESIAN_POINT ( 'NONE',  ( 8.242692559239324979, 23.99999999999999645, 30.00000000000000000 ) ) ;
#2076 = SURFACE_SIDE_STYLE ('',( #1920 ) ) ;
#2077 = VECTOR ( 'NONE', #1703, 1000.000000000000000 ) ;
#2078 = DIRECTION ( 'NONE',  ( -0.000000000000000000, 1.000000000000000000, -0.000000000000000000 ) ) ;
#2079 = ORIENTED_EDGE ( 'NONE', *, *, #940, .F. ) ;
#2080 = EDGE_CURVE ( 'NONE', #2043, #2148, #1134, .T. ) ;
#2081 = FILL_AREA_STYLE ('',( #2067 ) ) ;
#2082 = ORIENTED_EDGE ( 'NONE', *, *, #502, .F. ) ;
#2083 = EDGE_CURVE ( 'NONE', #711, #764, #549, .T. ) ;
#2084 =( LENGTH_UNIT ( ) NAMED_UNIT ( * ) SI_UNIT ( .MILLI., .METRE. ) );
#2085 = CARTESIAN_POINT ( 'NONE',  ( 0.000000000000000000, 10.00000000000000000, 30.00000000000000000 ) ) ;
#2086 = PRESENTATION_LAYER_ASSIGNMENT (  '', '', ( #498 ) ) ;
#2087 = ORIENTED_EDGE ( 'NONE', *, *, #80, .T. ) ;
#2088 = SURFACE_STYLE_FILL_AREA ( #273 ) ;
#2089 = CARTESIAN_POINT ( 'NONE',  ( 9.125838190586391008, 13.32471844702070918, 0.000000000000000000 ) ) ;
#2090 = ORIENTED_EDGE ( 'NONE', *, *, #871, .F. ) ;
#2091 = UNCERTAINTY_MEASURE_WITH_UNIT (LENGTH_MEASURE( 1.000000000000000082E-05 ), #142, 'distance_accuracy_value', 'NONE');
#2092 = EDGE_CURVE ( 'NONE', #2000, #2378, #1879, .T. ) ;
#2093 = ORIENTED_EDGE ( 'NONE', *, *, #1586, .T. ) ;
#2094 = CARTESIAN_POINT ( 'NONE',  ( 3.164605178993673107, 12.00000000000000000, 0.000000000000000000 ) ) ;
#2095 = PLANE ( 'NONE',  #34 ) ;
#2096 = EDGE_CURVE ( 'NONE', #1650, #1138, #2425, .T. ) ;
#2097 = VECTOR ( 'NONE', #304, 1000.000000000000000 ) ;
#2098 = VERTEX_POINT ( 'NONE', #1314 ) ;
#2099 = EDGE_CURVE ( 'NONE', #2270, #336, #1121, .T. ) ;
#2100 = ORIENTED_EDGE ( 'NONE', *, *, #857, .T. ) ;
#2101 = DIRECTION ( 'NONE',  ( -1.000000000000000000, 0.000000000000000000, -0.000000000000000000 ) ) ;
#2102 = DIRECTION ( 'NONE',  ( -1.000000000000000000, -0.000000000000000000, -0.000000000000000000 ) ) ;
#2103 = SURFACE_STYLE_FILL_AREA ( #2262 ) ;
#2104 = DIRECTION ( 'NONE',  ( -0.000000000000000000, -0.000000000000000000, 1.000000000000000000 ) ) ;
#2105 = ORIENTED_EDGE ( 'NONE', *, *, #1608, .F. ) ;
#2106 = LINE ( 'NONE', #2140, #87 ) ;
#2107 = DIRECTION ( 'NONE',  ( -1.000000000000000000, -0.000000000000000000, -0.000000000000000000 ) ) ;
#2108 = CARTESIAN_POINT ( 'NONE',  ( 0.000000000000000000, 0.000000000000000000, 32.10000000000000142 ) ) ;
#2109 =( GEOMETRIC_REPRESENTATION_CONTEXT ( 3 ) GLOBAL_UNCERTAINTY_ASSIGNED_CONTEXT ( ( #2063 ) ) GLOBAL_UNIT_ASSIGNED_CONTEXT ( ( #864, #691, #288 ) ) REPRESENTATION_CONTEXT ( 'NONE', 'WORKASPACE' ) );
#2110 = DIRECTION ( 'NONE',  ( 0.000000000000000000, -1.000000000000000000, 0.000000000000000000 ) ) ;
#2111 = COLOUR_RGB ( '',0.2509803921568627416, 0.2509803921568627416, 0.2509803921568627416 ) ;
#2112 = ORIENTED_EDGE ( 'NONE', *, *, #618, .F. ) ;
#2113 = EDGE_CURVE ( 'NONE', #1138, #558, #1741, .T. ) ;
#2114 = SURFACE_STYLE_USAGE ( .BOTH. , #29 ) ;
#2115 = AXIS2_PLACEMENT_3D ( 'NONE', #247, #1149, #615 ) ;
#2116 =( GEOMETRIC_REPRESENTATION_CONTEXT ( 3 ) GLOBAL_UNCERTAINTY_ASSIGNED_CONTEXT ( ( #946 ) ) GLOBAL_UNIT_ASSIGNED_CONTEXT ( ( #957, #1981, #667 ) ) REPRESENTATION_CONTEXT ( 'NONE', 'WORKASPACE' ) );
#2117 = SURFACE_STYLE_FILL_AREA ( #1337 ) ;
#2118 = FILL_AREA_STYLE_COLOUR ( '', #150 ) ;
#2119 = ORIENTED_EDGE ( 'NONE', *, *, #1334, .F. ) ;
#2120 = LINE ( 'NONE', #1177, #2349 ) ;
#2121 = CARTESIAN_POINT ( 'NONE',  ( 8.242692559239324979, 23.99999999999999645, 0.000000000000000000 ) ) ;
#2122 = DIRECTION ( 'NONE',  ( -1.000000000000000000, -0.000000000000000000, -0.000000000000000000 ) ) ;
#2123 = DIRECTION ( 'NONE',  ( 0.000000000000000000, -0.000000000000000000, 1.000000000000000000 ) ) ;
#2124 =( LENGTH_UNIT ( ) NAMED_UNIT ( * ) SI_UNIT ( .MILLI., .METRE. ) );
#2125 = ADVANCED_FACE ( 'NONE', ( #57 ), #1590, .F. ) ;
#2126 = VECTOR ( 'NONE', #415, 1000.000000000000000 ) ;
#2127 = EDGE_LOOP ( 'NONE', ( #2291, #339, #165, #1985 ) ) ;
#2128 = SURFACE_STYLE_USAGE ( .BOTH. , #1570 ) ;
#2129 = DIRECTION ( 'NONE',  ( 0.1218693434051475177, -0.9925461516413220942, 0.000000000000000000 ) ) ;
#2130 = ORIENTED_EDGE ( 'NONE', *, *, #1001, .F. ) ;
#2131 = CARTESIAN_POINT ( 'NONE',  ( -3.040000000000000036, -4.000000000000000000, 32.10000000000000142 ) ) ;
#2132 = DIRECTION ( 'NONE',  ( 1.000000000000000000, 0.000000000000000000, 0.000000000000000000 ) ) ;
#2133 = EDGE_CURVE ( 'NONE', #72, #1799, #1216, .T. ) ;
#2134 = LINE ( 'NONE', #2142, #1323 ) ;
#2135 = UNCERTAINTY_MEASURE_WITH_UNIT (LENGTH_MEASURE( 1.000000000000000082E-05 ), #1600, 'distance_accuracy_value', 'NONE');
#2136 = FACE_OUTER_BOUND ( 'NONE', #1348, .T. ) ;
#2137 = EDGE_CURVE ( 'NONE', #1739, #708, #1977, .T. ) ;
#2138 = ORIENTED_EDGE ( 'NONE', *, *, #61, .F. ) ;
#2139 = EDGE_CURVE ( 'NONE', #1568, #300, #401, .T. ) ;
#2140 = CARTESIAN_POINT ( 'NONE',  ( -13.94634142835581336, 23.99999999999999289, 0.000000000000000000 ) ) ;
#2141 = CARTESIAN_POINT ( 'NONE',  ( -4.461725325034680445, 8.500000000000000000, 15.50000000000000000 ) ) ;
#2142 = CARTESIAN_POINT ( 'NONE',  ( -8.537074436355009510, 11.88960679608172022, 30.00000000000000000 ) ) ;
#2143 = CARTESIAN_POINT ( 'NONE',  ( -9.641006475538844711, 23.99999999999999289, 30.00000000000000000 ) ) ;
#2144 = MECHANICAL_DESIGN_GEOMETRIC_PRESENTATION_REPRESENTATION (  '', ( #1758 ), #475 ) ;
#2145 = ORIENTED_EDGE ( 'NONE', *, *, #337, .F. ) ;
#2146 = CARTESIAN_POINT ( 'NONE',  ( -2.039999999999999147, -4.000000000000000000, 32.10000000000000142 ) ) ;
#2147 = VECTOR ( 'NONE', #2391, 1000.000000000000000 ) ;
#2148 = VERTEX_POINT ( 'NONE', #1730 ) ;
#2149 = PRESENTATION_LAYER_ASSIGNMENT (  '', '', ( #1601 ) ) ;
#2150 = LINE ( 'NONE', #216, #696 ) ;
#2151 = VERTEX_POINT ( 'NONE', #790 ) ;
#2152 = EDGE_CURVE ( 'NONE', #1380, #2059, #1537, .T. ) ;
#2153 = SURFACE_STYLE_USAGE ( .BOTH. , #2006 ) ;
#2154 = AXIS2_PLACEMENT_3D ( 'NONE', #709, #1271, #1077 ) ;
#2155 = STYLED_ITEM ( 'NONE', ( #743 ), #692 ) ;
#2156 = DIRECTION ( 'NONE',  ( 0.1209742911513546071, 0.9852565360152931717, -0.1209742911513545932 ) ) ;
#2157 = ORIENTED_EDGE ( 'NONE', *, *, #1254, .F. ) ;
#2158 = AXIS2_PLACEMENT_3D ( 'NONE', #2324, #1944, #649 ) ;
#2159 = UNCERTAINTY_MEASURE_WITH_UNIT (LENGTH_MEASURE( 1.000000000000000082E-05 ), #1386, 'distance_accuracy_value', 'NONE');
#2160 = DIRECTION ( 'NONE',  ( -0.000000000000000000, -0.000000000000000000, 1.000000000000000000 ) ) ;
#2161 = VECTOR ( 'NONE', #1164, 1000.000000000000000 ) ;
#2162 = CARTESIAN_POINT ( 'NONE',  ( 8.242692559239328531, 12.00000000000000000, 30.00000000000000000 ) ) ;
#2163 = VERTEX_POINT ( 'NONE', #2297 ) ;
#2164 = FILL_AREA_STYLE ('',( #2353 ) ) ;
#2165 = EDGE_CURVE ( 'NONE', #2368, #350, #2285, .T. ) ;
#2166 = LINE ( 'NONE', #1063, #754 ) ;
#2167 = CARTESIAN_POINT ( 'NONE',  ( -13.94634142835581336, 10.00000000000000000, 30.00000000000000000 ) ) ;
#2168 = DIRECTION ( 'NONE',  ( -0.000000000000000000, -0.000000000000000000, 1.000000000000000000 ) ) ;
#2169 = EDGE_CURVE ( 'NONE', #2054, #139, #1203, .T. ) ;
#2170 = DIRECTION ( 'NONE',  ( 0.000000000000000000, -1.000000000000000000, 0.000000000000000000 ) ) ;
#2171 = FILL_AREA_STYLE_COLOUR ( '', #1567 ) ;
#2172 = PRODUCT ( 'Part1', 'Part1', '', ( #1749 ) ) ;
#2173 = ORIENTED_EDGE ( 'NONE', *, *, #1706, .T. ) ;
#2174 = CARTESIAN_POINT ( 'NONE',  ( 3.039999999999997371, 8.500000000000000000, 31.50000000000000000 ) ) ;
#2175 = CARTESIAN_POINT ( 'NONE',  ( -15.00000000000000000, 23.99999999999999289, 30.00000000000000000 ) ) ;
#2176 = LINE ( 'NONE', #472, #651 ) ;
#2177 = DIRECTION ( 'NONE',  ( -0.000000000000000000, 0.000000000000000000, -1.000000000000000000 ) ) ;
#2178 = CARTESIAN_POINT ( 'NONE',  ( -13.94634142835581336, 13.32471844702070918, 0.000000000000000000 ) ) ;
#2179 = CARTESIAN_POINT ( 'NONE',  ( 3.039999999999997371, 9.415236256020255823, 31.50000000000000000 ) ) ;
#2180 = DIRECTION ( 'NONE',  ( 2.312964634635742957E-16, -1.000000000000000000, 0.000000000000000000 ) ) ;
#2181 = MECHANICAL_DESIGN_GEOMETRIC_PRESENTATION_REPRESENTATION (  '', ( #1475 ), #2441 ) ;
#2182 = EDGE_CURVE ( 'NONE', #2163, #1516, #1165, .T. ) ;
#2183 = EDGE_LOOP ( 'NONE', ( #2304, #1221, #716, #1561 ) ) ;
#2184 = PRESENTATION_LAYER_ASSIGNMENT (  '', '', ( #920 ) ) ;
#2185 = PRESENTATION_LAYER_ASSIGNMENT (  '', '', ( #197 ) ) ;
#2186 = VERTEX_POINT ( 'NONE', #1368 ) ;
#2187 = DIRECTION ( 'NONE',  ( 0.9925461516413220942, -0.1218693434051475177, 9.565517279125759469E-17 ) ) ;
#2188 = DIRECTION ( 'NONE',  ( -0.000000000000000000, 1.000000000000000000, -0.000000000000000000 ) ) ;
#2189 =( NAMED_UNIT ( * ) PLANE_ANGLE_UNIT ( ) SI_UNIT ( $, .RADIAN. ) );
#2190 = DIRECTION ( 'NONE',  ( 1.000000000000000000, 0.000000000000000000, 0.000000000000000000 ) ) ;
#2191 = ORIENTED_EDGE ( 'NONE', *, *, #407, .F. ) ;
#2192 = STYLED_ITEM ( 'NONE', ( #989 ), #719 ) ;
#2193 = ORIENTED_EDGE ( 'NONE', *, *, #564, .F. ) ;
#2194 = CARTESIAN_POINT ( 'NONE',  ( -4.461725325034680445, 8.500000000000000000, 15.50000000000000000 ) ) ;
#2195 = VECTOR ( 'NONE', #2364, 1000.000000000000000 ) ;
#2196 = VECTOR ( 'NONE', #244, 1000.000000000000000 ) ;
#2197 = VERTEX_POINT ( 'NONE', #2121 ) ;
#2198 = PLANE ( 'NONE',  #934 ) ;
#2199 = DIRECTION ( 'NONE',  ( 0.000000000000000000, -0.000000000000000000, 1.000000000000000000 ) ) ;
#2200 = PRESENTATION_STYLE_ASSIGNMENT (( #860 ) ) ;
#2201 = DIRECTION ( 'NONE',  ( -1.000000000000000000, -0.000000000000000000, -0.000000000000000000 ) ) ;
#2202 = CARTESIAN_POINT ( 'NONE',  ( -0.4999999999999993339, 9.415236256020255823, 32.10000000000000142 ) ) ;
#2203 = EDGE_CURVE ( 'NONE', #265, #2378, #417, .T. ) ;
#2204 = ORIENTED_EDGE ( 'NONE', *, *, #2281, .T. ) ;
#2205 = DIRECTION ( 'NONE',  ( -0.000000000000000000, -0.000000000000000000, -1.000000000000000000 ) ) ;
#2206 = CARTESIAN_POINT ( 'NONE',  ( -4.461725325034680445, 10.00000000000000000, 31.50000000000000000 ) ) ;
#2207 = ORIENTED_EDGE ( 'NONE', *, *, #1393, .F. ) ;
#2208 = DIRECTION ( 'NONE',  ( -0.000000000000000000, 0.000000000000000000, 1.000000000000000000 ) ) ;
#2209 = EDGE_LOOP ( 'NONE', ( #1792, #812, #114, #1132, #1809 ) ) ;
#2210 = EDGE_CURVE ( 'NONE', #1118, #1246, #43, .T. ) ;
#2211 =( LENGTH_UNIT ( ) NAMED_UNIT ( * ) SI_UNIT ( .MILLI., .METRE. ) );
#2212 = CARTESIAN_POINT ( 'NONE',  ( 13.05365857164418664, 13.32471844702070918, 30.00000000000000000 ) ) ;
#2213 = EDGE_CURVE ( 'NONE', #182, #1516, #1190, .T. ) ;
#2214 = LINE ( 'NONE', #179, #853 ) ;
#2215 = DIRECTION ( 'NONE',  ( 0.000000000000000000, -1.000000000000000000, 0.000000000000000000 ) ) ;
#2216 = DIRECTION ( 'NONE',  ( 0.000000000000000000, 1.000000000000000000, 0.000000000000000000 ) ) ;
#2217 = DIRECTION ( 'NONE',  ( -0.000000000000000000, 0.000000000000000000, 1.000000000000000000 ) ) ;
#2218 = FACE_OUTER_BOUND ( 'NONE', #798, .T. ) ;
#2219 = ORIENTED_EDGE ( 'NONE', *, *, #1673, .F. ) ;
#2220 =( NAMED_UNIT ( * ) SI_UNIT ( $, .STERADIAN. ) SOLID_ANGLE_UNIT ( ) );
#2221 = AXIS2_PLACEMENT_3D ( 'NONE', #397, #1914, #194 ) ;
#2222 = MECHANICAL_DESIGN_GEOMETRIC_PRESENTATION_REPRESENTATION (  '', ( #920 ), #688 ) ;
#2223 =( NAMED_UNIT ( * ) SI_UNIT ( $, .STERADIAN. ) SOLID_ANGLE_UNIT ( ) );
#2224 = LINE ( 'NONE', #913, #177 ) ;
#2225 =( GEOMETRIC_REPRESENTATION_CONTEXT ( 3 ) GLOBAL_UNCERTAINTY_ASSIGNED_CONTEXT ( ( #2091 ) ) GLOBAL_UNIT_ASSIGNED_CONTEXT ( ( #142, #1668, #1526 ) ) REPRESENTATION_CONTEXT ( 'NONE', 'WORKASPACE' ) );
#2226 = VECTOR ( 'NONE', #1943, 1000.000000000000000 ) ;
#2227 = CARTESIAN_POINT ( 'NONE',  ( -3.238200648272584914, 23.99999999999999645, 30.00000000000000000 ) ) ;
#2228 = CARTESIAN_POINT ( 'NONE',  ( 4.461725325034680445, 8.500000000000000000, 22.50000000000000000 ) ) ;
#2229 = CARTESIAN_POINT ( 'NONE',  ( -4.461725325034679557, 10.00000000000000000, 30.00000000000000000 ) ) ;
#2230 = CARTESIAN_POINT ( 'NONE',  ( -9.641006475538844711, 13.32471844702070918, 30.00000000000000000 ) ) ;
#2231 = CARTESIAN_POINT ( 'NONE',  ( 4.461725325034679557, 10.00000000000000000, 15.50000000000000178 ) ) ;
#2232 = ORIENTED_EDGE ( 'NONE', *, *, #1587, .F. ) ;
#2233 = SURFACE_STYLE_FILL_AREA ( #1127 ) ;
#2234 = VECTOR ( 'NONE', #326, 1000.000000000000000 ) ;
#2235 = ORIENTED_EDGE ( 'NONE', *, *, #476, .T. ) ;
#2236 = VECTOR ( 'NONE', #752, 1000.000000000000000 ) ;
#2237 = SURFACE_SIDE_STYLE ('',( #1888 ) ) ;
#2238 = MECHANICAL_DESIGN_GEOMETRIC_PRESENTATION_REPRESENTATION (  '', ( #1933 ), #2422 ) ;
#2239 = EDGE_CURVE ( 'NONE', #469, #856, #1578, .T. ) ;
#2240 = DIRECTION ( 'NONE',  ( -1.000000000000000000, -0.000000000000000000, -0.000000000000000000 ) ) ;
#2241 = ORIENTED_EDGE ( 'NONE', *, *, #480, .F. ) ;
#2242 = EDGE_CURVE ( 'NONE', #243, #1997, #878, .T. ) ;
#2243 = VERTEX_POINT ( 'NONE', #1420 ) ;
#2244 = DIRECTION ( 'NONE',  ( -1.000000000000000000, 7.228014483236695816E-17, 0.000000000000000000 ) ) ;
#2245 = EDGE_LOOP ( 'NONE', ( #485, #1940, #226, #1902 ) ) ;
#2246 = ORIENTED_EDGE ( 'NONE', *, *, #1209, .T. ) ;
#2247 = CARTESIAN_POINT ( 'NONE',  ( -2.040000000000000036, 9.415236256020255823, 32.10000000000000142 ) ) ;
#2248 = EDGE_LOOP ( 'NONE', ( #825, #1410, #481, #155 ) ) ;
#2249 = CARTESIAN_POINT ( 'NONE',  ( 13.05365857164418664, 10.00000000000000000, 0.000000000000000000 ) ) ;
#2250 = CARTESIAN_POINT ( 'NONE',  ( -0.4999999999999993339, -4.000000000000000000, 32.10000000000000142 ) ) ;
#2251 = LINE ( 'NONE', #1882, #126 ) ;
#2252 = EDGE_CURVE ( 'NONE', #1950, #1875, #844, .T. ) ;
#2253 = ORIENTED_EDGE ( 'NONE', *, *, #2203, .T. ) ;
#2254 = UNCERTAINTY_MEASURE_WITH_UNIT (LENGTH_MEASURE( 1.000000000000000082E-05 ), #2084, 'distance_accuracy_value', 'NONE');
#2255 = VERTEX_POINT ( 'NONE', #117 ) ;
#2256 = CARTESIAN_POINT ( 'NONE',  ( -15.00000000000000000, 23.99999999999999289, 0.000000000000000000 ) ) ;
#2257 = SURFACE_SIDE_STYLE ('',( #937 ) ) ;
#2258 = ORIENTED_EDGE ( 'NONE', *, *, #1416, .T. ) ;
#2259 = FACE_OUTER_BOUND ( 'NONE', #927, .T. ) ;
#2260 = COLOUR_RGB ( '',0.2509803921568627416, 0.2509803921568627416, 0.2509803921568627416 ) ;
#2261 = ORIENTED_EDGE ( 'NONE', *, *, #2301, .F. ) ;
#2262 = FILL_AREA_STYLE ('',( #200 ) ) ;
#2263 = PRESENTATION_LAYER_ASSIGNMENT (  '', '', ( #777 ) ) ;
#2264 = SURFACE_SIDE_STYLE ('',( #555 ) ) ;
#2265 = VECTOR ( 'NONE', #889, 1000.000000000000000 ) ;
#2266 = CARTESIAN_POINT ( 'NONE',  ( 0.000000000000000000, 10.00000000000000000, 18.50000000000000000 ) ) ;
#2267 = AXIS2_PLACEMENT_3D ( 'NONE', #866, #98, #1484 ) ;
#2268 = SURFACE_STYLE_USAGE ( .BOTH. , #1144 ) ;
#2269 =( GEOMETRIC_REPRESENTATION_CONTEXT ( 3 ) GLOBAL_UNCERTAINTY_ASSIGNED_CONTEXT ( ( #1349 ) ) GLOBAL_UNIT_ASSIGNED_CONTEXT ( ( #1141, #2439, #7 ) ) REPRESENTATION_CONTEXT ( 'NONE', 'WORKASPACE' ) );
#2270 = VERTEX_POINT ( 'NONE', #2388 ) ;
#2271 = AXIS2_PLACEMENT_3D ( 'NONE', #1095, #2244, #561 ) ;
#2272 = CARTESIAN_POINT ( 'NONE',  ( -4.461725325034679557, 8.500000000000000000, 22.50000000000000000 ) ) ;
#2273 = DIRECTION ( 'NONE',  ( -9.637352644315592778E-17, -0.000000000000000000, 1.000000000000000000 ) ) ;
#2274 = CARTESIAN_POINT ( 'NONE',  ( -15.00000000000000000, 23.99999999999999289, 30.00000000000000000 ) ) ;
#2275 = CARTESIAN_POINT ( 'NONE',  ( -0.4999999999999993339, 9.415236256020255823, 31.50000000000000000 ) ) ;
#2276 = ORIENTED_EDGE ( 'NONE', *, *, #2165, .T. ) ;
#2277 = LINE ( 'NONE', #2064, #701 ) ;
#2278 = ORIENTED_EDGE ( 'NONE', *, *, #337, .T. ) ;
#2279 = SURFACE_STYLE_FILL_AREA ( #958 ) ;
#2280 = PRESENTATION_STYLE_ASSIGNMENT (( #412 ) ) ;
#2281 = EDGE_CURVE ( 'NONE', #1246, #1516, #1250, .T. ) ;
#2282 = VERTEX_POINT ( 'NONE', #670 ) ;
#2283 = ORIENTED_EDGE ( 'NONE', *, *, #1587, .T. ) ;
#2284 = FILL_AREA_STYLE ('',( #1751 ) ) ;
#2285 = LINE ( 'NONE', #211, #1577 ) ;
#2286 = EDGE_CURVE ( 'NONE', #1185, #708, #70, .T. ) ;
#2287 = LINE ( 'NONE', #1754, #442 ) ;
#2288 =( NAMED_UNIT ( * ) PLANE_ANGLE_UNIT ( ) SI_UNIT ( $, .RADIAN. ) );
#2289 = SURFACE_SIDE_STYLE ('',( #2103 ) ) ;
#2290 = VECTOR ( 'NONE', #1081, 1000.000000000000000 ) ;
#2291 = ORIENTED_EDGE ( 'NONE', *, *, #1678, .T. ) ;
#2292 = CARTESIAN_POINT ( 'NONE',  ( 9.125838190586391008, 13.32471844702070918, 30.00000000000000000 ) ) ;
#2293 = FILL_AREA_STYLE_COLOUR ( '', #318 ) ;
#2294 =( LENGTH_UNIT ( ) NAMED_UNIT ( * ) SI_UNIT ( .MILLI., .METRE. ) );
#2295 = ORIENTED_EDGE ( 'NONE', *, *, #1870, .T. ) ;
#2296 = DIRECTION ( 'NONE',  ( -0.000000000000000000, 0.000000000000000000, -1.000000000000000000 ) ) ;
#2297 = CARTESIAN_POINT ( 'NONE',  ( 13.05365857164418664, 24.00000000000000000, 0.000000000000000000 ) ) ;
#2298 = PLANE ( 'NONE',  #2115 ) ;
#2299 = VECTOR ( 'NONE', #1319, 1000.000000000000000 ) ;
#2300 = PLANE ( 'NONE',  #1111 ) ;
#2301 = EDGE_CURVE ( 'NONE', #79, #1817, #1463, .T. ) ;
#2302 = PLANE ( 'NONE',  #1527 ) ;
#2303 = VECTOR ( 'NONE', #589, 1000.000000000000000 ) ;
#2304 = ORIENTED_EDGE ( 'NONE', *, *, #2099, .F. ) ;
#2305 = CARTESIAN_POINT ( 'NONE',  ( -15.00000000000000000, 23.99999999999999289, 30.00000000000000000 ) ) ;
#2306 = DIRECTION ( 'NONE',  ( 0.000000000000000000, 1.000000000000000000, 0.000000000000000000 ) ) ;
#2307 = EDGE_CURVE ( 'NONE', #2000, #243, #92, .T. ) ;
#2308 = ORIENTED_EDGE ( 'NONE', *, *, #1687, .F. ) ;
#2309 = VECTOR ( 'NONE', #468, 1000.000000000000000 ) ;
#2310 = CARTESIAN_POINT ( 'NONE',  ( -0.4999999999999993339, 9.415236256020255823, 32.10000000000000142 ) ) ;
#2311 = CARTESIAN_POINT ( 'NONE',  ( -13.94634142835581336, 23.99999999999999289, 0.000000000000000000 ) ) ;
#2312 = PLANE ( 'NONE',  #1399 ) ;
#2313 =( LENGTH_UNIT ( ) NAMED_UNIT ( * ) SI_UNIT ( .MILLI., .METRE. ) );
#2314 = COLOUR_RGB ( '',0.2509803921568627416, 0.2509803921568627416, 0.2509803921568627416 ) ;
#2315 = ORIENTED_EDGE ( 'NONE', *, *, #2317, .T. ) ;
#2316 = EDGE_CURVE ( 'NONE', #139, #1182, #1602, .T. ) ;
#2317 = EDGE_CURVE ( 'NONE', #974, #1270, #462, .T. ) ;
#2318 = ORIENTED_EDGE ( 'NONE', *, *, #61, .T. ) ;
#2319 = SURFACE_STYLE_USAGE ( .BOTH. , #1378 ) ;
#2320 = FACE_OUTER_BOUND ( 'NONE', #1397, .T. ) ;
#2321 = ORIENTED_EDGE ( 'NONE', *, *, #1403, .T. ) ;
#2322 = FACE_OUTER_BOUND ( 'NONE', #324, .T. ) ;
#2323 = CARTESIAN_POINT ( 'NONE',  ( -3.040000000000000036, -4.000000000000000000, 32.10000000000000142 ) ) ;
#2324 = CARTESIAN_POINT ( 'NONE',  ( -8.537074436355009510, 11.88960679608172022, 0.000000000000000000 ) ) ;
#2325 =( NAMED_UNIT ( * ) SI_UNIT ( $, .STERADIAN. ) SOLID_ANGLE_UNIT ( ) );
#2326 = ORIENTED_EDGE ( 'NONE', *, *, #887, .T. ) ;
#2327 = FACE_OUTER_BOUND ( 'NONE', #1973, .T. ) ;
#2328 = VERTEX_POINT ( 'NONE', #2175 ) ;
#2329 = ORIENTED_EDGE ( 'NONE', *, *, #1393, .T. ) ;
#2330 = DIRECTION ( 'NONE',  ( -0.000000000000000000, -0.000000000000000000, -1.000000000000000000 ) ) ;
#2331 = PRESENTATION_STYLE_ASSIGNMENT (( #1358 ) ) ;
#2332 = LINE ( 'NONE', #1181, #1477 ) ;
#2333 = ORIENTED_EDGE ( 'NONE', *, *, #263, .F. ) ;
#2334 = STYLED_ITEM ( 'NONE', ( #259 ), #1837 ) ;
#2335 = AXIS2_PLACEMENT_3D ( 'NONE', #2435, #723, #763 ) ;
#2336 = VECTOR ( 'NONE', #917, 1000.000000000000000 ) ;
#2337 = DIRECTION ( 'NONE',  ( -0.000000000000000000, -0.000000000000000000, 1.000000000000000000 ) ) ;
#2338 = ORIENTED_EDGE ( 'NONE', *, *, #940, .T. ) ;
#2339 = EDGE_CURVE ( 'NONE', #891, #1871, #2166, .T. ) ;
#2340 =( NAMED_UNIT ( * ) SI_UNIT ( $, .STERADIAN. ) SOLID_ANGLE_UNIT ( ) );
#2341 = CARTESIAN_POINT ( 'NONE',  ( -4.231739483538040858, 11.88960679608172022, 0.000000000000000000 ) ) ;
#2342 = VECTOR ( 'NONE', #2369, 1000.000000000000000 ) ;
#2343 = VERTEX_POINT ( 'NONE', #859 ) ;
#2344 = FACE_OUTER_BOUND ( 'NONE', #1750, .T. ) ;
#2345 = LINE ( 'NONE', #715, #1836 ) ;
#2346 = STYLED_ITEM ( 'NONE', ( #792 ), #1105 ) ;
#2347 = UNCERTAINTY_MEASURE_WITH_UNIT (LENGTH_MEASURE( 1.000000000000000082E-05 ), #2313, 'distance_accuracy_value', 'NONE');
#2348 = FACE_OUTER_BOUND ( 'NONE', #1483, .T. ) ;
#2349 = VECTOR ( 'NONE', #32, 1000.000000000000000 ) ;
#2350 = ORIENTED_EDGE ( 'NONE', *, *, #1956, .T. ) ;
#2351 = DIRECTION ( 'NONE',  ( 1.000000000000000000, 0.000000000000000000, 0.000000000000000000 ) ) ;
#2352 = EDGE_LOOP ( 'NONE', ( #2235, #209, #1727, #1644 ) ) ;
#2353 = FILL_AREA_STYLE_COLOUR ( '', #543 ) ;
#2354 = CARTESIAN_POINT ( 'NONE',  ( 13.05365857164418664, 0.000000000000000000, 30.00000000000000000 ) ) ;
#2355 = PLANE ( 'NONE',  #1925 ) ;
#2356 = CARTESIAN_POINT ( 'NONE',  ( 2.039999999999997371, 9.415236256020255823, 32.10000000000000142 ) ) ;
#2357 = FACE_OUTER_BOUND ( 'NONE', #1675, .T. ) ;
#2358 = ADVANCED_FACE ( 'NONE', ( #471 ), #681, .T. ) ;
#2359 = VECTOR ( 'NONE', #1498, 1000.000000000000000 ) ;
#2360 = CARTESIAN_POINT ( 'NONE',  ( -2.039999999999999147, -4.000000000000000000, 32.10000000000000142 ) ) ;
#2361 = DIRECTION ( 'NONE',  ( -1.000000000000000000, -2.312964634635742957E-16, -0.000000000000000000 ) ) ;
#2362 = EDGE_LOOP ( 'NONE', ( #2093, #2241, #907, #851 ) ) ;
#2363 = PRESENTATION_STYLE_ASSIGNMENT (( #1626 ) ) ;
#2364 = DIRECTION ( 'NONE',  ( -0.000000000000000000, -0.000000000000000000, -1.000000000000000000 ) ) ;
#2365 = CARTESIAN_POINT ( 'NONE',  ( 4.461725325034676892, 10.00000000000000000, 30.00000000000000000 ) ) ;
#2366 = ORIENTED_EDGE ( 'NONE', *, *, #2397, .F. ) ;
#2367 = DIRECTION ( 'NONE',  ( -1.000000000000000000, -8.081871625622360701E-18, 0.000000000000000000 ) ) ;
#2368 = VERTEX_POINT ( 'NONE', #1052 ) ;
#2369 = DIRECTION ( 'NONE',  ( -0.000000000000000000, 1.000000000000000000, -0.000000000000000000 ) ) ;
#2370 =( GEOMETRIC_REPRESENTATION_CONTEXT ( 3 ) GLOBAL_UNCERTAINTY_ASSIGNED_CONTEXT ( ( #852 ) ) GLOBAL_UNIT_ASSIGNED_CONTEXT ( ( #171, #2049, #1342 ) ) REPRESENTATION_CONTEXT ( 'NONE', 'WORKASPACE' ) );
#2371 = ORIENTED_EDGE ( 'NONE', *, *, #1215, .F. ) ;
#2372 = VECTOR ( 'NONE', #539, 1000.000000000000000 ) ;
#2373 = ADVANCED_FACE ( 'NONE', ( #1823 ), #1640, .F. ) ;
#2374 = VECTOR ( 'NONE', #1054, 1000.000000000000000 ) ;
#2375 = DIRECTION ( 'NONE',  ( 0.000000000000000000, -1.000000000000000000, 0.000000000000000000 ) ) ;
#2376 = FACE_OUTER_BOUND ( 'NONE', #604, .T. ) ;
#2377 = EDGE_LOOP ( 'NONE', ( #2066, #2246, #363, #632, #1496, #1859 ) ) ;
#2378 = VERTEX_POINT ( 'NONE', #504 ) ;
#2379 = DIRECTION ( 'NONE',  ( -0.000000000000000000, 1.000000000000000000, -0.000000000000000000 ) ) ;
#2380 = EDGE_CURVE ( 'NONE', #1511, #214, #1103, .T. ) ;
#2381 = MECHANICAL_DESIGN_GEOMETRIC_PRESENTATION_REPRESENTATION (  '', ( #2417 ), #2269 ) ;
#2382 = ORIENTED_EDGE ( 'NONE', *, *, #1040, .T. ) ;
#2383 = PLANE ( 'NONE',  #2154 ) ;
#2384 = COLOUR_RGB ( '',0.2509803921568627416, 0.2509803921568627416, 0.2509803921568627416 ) ;
#2385 = EDGE_CURVE ( 'NONE', #1061, #1722, #2224, .T. ) ;
#2386 = ORIENTED_EDGE ( 'NONE', *, *, #1100, .F. ) ;
#2387 =( LENGTH_UNIT ( ) NAMED_UNIT ( * ) SI_UNIT ( .MILLI., .METRE. ) );
#2388 = CARTESIAN_POINT ( 'NONE',  ( 1.836970198721029441E-16, 13.43511165093909376, 20.00000000000000000 ) ) ;
#2389 =( NAMED_UNIT ( * ) PLANE_ANGLE_UNIT ( ) SI_UNIT ( $, .RADIAN. ) );
#2390 = FILL_AREA_STYLE_COLOUR ( '', #2419 ) ;
#2391 = DIRECTION ( 'NONE',  ( -0.000000000000000000, -0.000000000000000000, -1.000000000000000000 ) ) ;
#2392 = LINE ( 'NONE', #1047, #1374 ) ;
#2393 =( NAMED_UNIT ( * ) PLANE_ANGLE_UNIT ( ) SI_UNIT ( $, .RADIAN. ) );
#2394 = VECTOR ( 'NONE', #279, 1000.000000000000000 ) ;
#2395 = VERTEX_POINT ( 'NONE', #1328 ) ;
#2396 = PLANE ( 'NONE',  #2267 ) ;
#2397 = EDGE_CURVE ( 'NONE', #2098, #2186, #2443, .T. ) ;
#2398 = VERTEX_POINT ( 'NONE', #1473 ) ;
#2399 =( NAMED_UNIT ( * ) PLANE_ANGLE_UNIT ( ) SI_UNIT ( $, .RADIAN. ) );
#2400 =( GEOMETRIC_REPRESENTATION_CONTEXT ( 3 ) GLOBAL_UNCERTAINTY_ASSIGNED_CONTEXT ( ( #190 ) ) GLOBAL_UNIT_ASSIGNED_CONTEXT ( ( #267, #1802, #1814 ) ) REPRESENTATION_CONTEXT ( 'NONE', 'WORKASPACE' ) );
#2401 = DIRECTION ( 'NONE',  ( -1.000000000000000000, -0.000000000000000000, -0.000000000000000000 ) ) ;
#2402 = CARTESIAN_POINT ( 'NONE',  ( 0.5000000000000005551, 9.415236256020255823, 32.10000000000000142 ) ) ;
#2403 = CARTESIAN_POINT ( 'NONE',  ( 2.281459547646601305, 13.43511165093909376, 0.000000000000000000 ) ) ;
#2404 = DIRECTION ( 'NONE',  ( -1.000000000000000000, 0.000000000000000000, 0.000000000000000000 ) ) ;
#2405 = ORIENTED_EDGE ( 'NONE', *, *, #585, .T. ) ;
#2406 = CARTESIAN_POINT ( 'NONE',  ( 3.039999999999997371, -4.000000000000000000, 32.10000000000000142 ) ) ;
#2407 = VECTOR ( 'NONE', #1130, 1000.000000000000000 ) ;
#2408 = ADVANCED_FACE ( 'NONE', ( #129 ), #734, .F. ) ;
#2409 = DIRECTION ( 'NONE',  ( 1.000000000000000000, 7.228014483236698281E-17, -0.000000000000000000 ) ) ;
#2410 = EDGE_CURVE ( 'NONE', #312, #764, #2048, .T. ) ;
#2411 = MECHANICAL_DESIGN_GEOMETRIC_PRESENTATION_REPRESENTATION (  '', ( #1801 ), #573 ) ;
#2412 = PRESENTATION_STYLE_ASSIGNMENT (( #1133 ) ) ;
#2413 = DIRECTION ( 'NONE',  ( -0.000000000000000000, -0.000000000000000000, 1.000000000000000000 ) ) ;
#2414 = ORIENTED_EDGE ( 'NONE', *, *, #1148, .F. ) ;
#2415 = UNCERTAINTY_MEASURE_WITH_UNIT (LENGTH_MEASURE( 1.000000000000000082E-05 ), #1333, 'distance_accuracy_value', 'NONE');
#2416 =( LENGTH_UNIT ( ) NAMED_UNIT ( * ) SI_UNIT ( .MILLI., .METRE. ) );
#2417 = STYLED_ITEM ( 'NONE', ( #149 ), #710 ) ;
#2418 = ORIENTED_EDGE ( 'NONE', *, *, #2307, .F. ) ;
#2419 = COLOUR_RGB ( '',0.2509803921568627416, 0.2509803921568627416, 0.2509803921568627416 ) ;
#2420 = PLANE ( 'NONE',  #1917 ) ;
#2421 = PRODUCT_RELATED_PRODUCT_CATEGORY ( 'part', '', ( #2172 ) ) ;
#2422 =( GEOMETRIC_REPRESENTATION_CONTEXT ( 3 ) GLOBAL_UNCERTAINTY_ASSIGNED_CONTEXT ( ( #2135 ) ) GLOBAL_UNIT_ASSIGNED_CONTEXT ( ( #1600, #1788, #2340 ) ) REPRESENTATION_CONTEXT ( 'NONE', 'WORKASPACE' ) );
#2423 = ORIENTED_EDGE ( 'NONE', *, *, #1687, .T. ) ;
#2424 = DIRECTION ( 'NONE',  ( 0.000000000000000000, 1.000000000000000000, 0.000000000000000000 ) ) ;
#2425 = LINE ( 'NONE', #2250, #1880 ) ;
#2426 = FILL_AREA_STYLE_COLOUR ( '', #2384 ) ;
#2427 = EDGE_CURVE ( 'NONE', #1817, #1934, #319, .T. ) ;
#2428 =( NAMED_UNIT ( * ) PLANE_ANGLE_UNIT ( ) SI_UNIT ( $, .RADIAN. ) );
#2429 = ORIENTED_EDGE ( 'NONE', *, *, #140, .F. ) ;
#2430 = SURFACE_STYLE_USAGE ( .BOTH. , #1351 ) ;
#2431 = EDGE_LOOP ( 'NONE', ( #2321, #285, #1258, #1354, #88, #1509, #2382, #1101, #423, #2315 ) ) ;
#2432 = CARTESIAN_POINT ( 'NONE',  ( -3.040000000000000036, 9.415236256020255823, 31.50000000000000000 ) ) ;
#2433 = ORIENTED_EDGE ( 'NONE', *, *, #2038, .F. ) ;
#2434 = CARTESIAN_POINT ( 'NONE',  ( 13.05365857164418664, 13.32471844702070918, 30.00000000000000000 ) ) ;
#2435 = CARTESIAN_POINT ( 'NONE',  ( -3.238200648272584914, 13.43511165093909376, 0.000000000000000000 ) ) ;
#2436 = LINE ( 'NONE', #673, #2374 ) ;
#2437 = UNCERTAINTY_MEASURE_WITH_UNIT (LENGTH_MEASURE( 1.000000000000000082E-05 ), #1633, 'distance_accuracy_value', 'NONE');
#2438 = EDGE_CURVE ( 'NONE', #214, #655, #547, .T. ) ;
#2439 =( NAMED_UNIT ( * ) PLANE_ANGLE_UNIT ( ) SI_UNIT ( $, .RADIAN. ) );
#2440 = DIRECTION ( 'NONE',  ( 1.000000000000000000, 0.000000000000000000, 0.000000000000000000 ) ) ;
#2441 =( GEOMETRIC_REPRESENTATION_CONTEXT ( 3 ) GLOBAL_UNCERTAINTY_ASSIGNED_CONTEXT ( ( #1222 ) ) GLOBAL_UNIT_ASSIGNED_CONTEXT ( ( #2294, #1938, #1379 ) ) REPRESENTATION_CONTEXT ( 'NONE', 'WORKASPACE' ) );
#2442 = SURFACE_STYLE_FILL_AREA ( #1175 ) ;
#2443 = LINE ( 'NONE', #2432, #1137 ) ;
#2444 = MECHANICAL_DESIGN_GEOMETRIC_PRESENTATION_REPRESENTATION (  '', ( #2334 ), #1395 ) ;
#2445 = ORIENTED_EDGE ( 'NONE', *, *, #2380, .F. ) ;
#2446 = LINE ( 'NONE', #2227, #1573 ) ;
#2447 = VECTOR ( 'NONE', #1278, 1000.000000000000000 ) ;
#2448 = DIRECTION ( 'NONE',  ( 0.000000000000000000, -0.1218693434051475177, -0.9925461516413220942 ) ) ;
ENDSEC;
END-ISO-10303-21;
